name,generation,is_legendary,type_1,type_2,height_m,weight_kg,total_points,hp,attack,defense,sp_attack,sp_defense,speed
Bulbasaur,1,0,Grass,Poison,0.7,6.9,318.0,45.0,49.0,49.0,65.0,65.0,45.0
Ivysaur,1,0,Grass,Poison,1.0,13.0,405.0,60.0,62.0,63.0,80.0,80.0,60.0
Venusaur,1,0,Grass,Poison,2.0,100.0,525.0,80.0,82.0,83.0,100.0,100.0,80.0
Mega,1,0,Grass,Poison,2.4,155.5,625.0,80.0,100.0,123.0,122.0,120.0,80.0
Charmander,1,0,Fire,Normal,0.6,8.5,309.0,39.0,52.0,43.0,60.0,50.0,65.0
Charmeleon,1,0,Fire,Normal,1.1,19.0,405.0,58.0,64.0,58.0,80.0,65.0,80.0
Charizard,1,0,Fire,Flying,1.7,90.5,534.0,78.0,84.0,78.0,109.0,85.0,100.0
Mega,1,0,Fire,Dragon,1.7,110.5,634.0,78.0,130.0,111.0,130.0,85.0,100.0
Mega,1,0,Fire,Flying,1.7,100.5,634.0,78.0,104.0,78.0,159.0,115.0,100.0
Squirtle,1,0,Water,Normal,0.5,9.0,314.0,44.0,48.0,65.0,50.0,64.0,43.0
Wartortle,1,0,Water,Normal,1.0,22.5,405.0,59.0,63.0,80.0,65.0,80.0,58.0
Blastoise,1,0,Water,Normal,1.6,85.5,530.0,79.0,83.0,100.0,85.0,105.0,78.0
Mega,1,0,Water,Normal,1.6,101.1,630.0,79.0,103.0,120.0,135.0,115.0,78.0
Caterpie,1,0,Bug,Normal,0.3,2.9,195.0,45.0,30.0,35.0,20.0,20.0,45.0
Metapod,1,0,Bug,Normal,0.7,9.9,205.0,50.0,20.0,55.0,25.0,25.0,30.0
Butterfree,1,0,Bug,Flying,1.1,32.0,395.0,60.0,45.0,50.0,90.0,80.0,70.0
Weedle,1,0,Bug,Poison,0.3,3.2,195.0,40.0,35.0,30.0,20.0,20.0,50.0
Kakuna,1,0,Bug,Poison,0.6,10.0,205.0,45.0,25.0,50.0,25.0,25.0,35.0
Beedrill,1,0,Bug,Poison,1.0,29.5,395.0,65.0,90.0,40.0,45.0,80.0,75.0
Mega,1,0,Bug,Poison,1.4,40.5,495.0,65.0,150.0,40.0,15.0,80.0,145.0
Pidgey,1,0,Normal,Flying,0.3,1.8,251.0,40.0,45.0,40.0,35.0,35.0,56.0
Pidgeotto,1,0,Normal,Flying,1.1,30.0,349.0,63.0,60.0,55.0,50.0,50.0,71.0
Pidgeot,1,0,Normal,Flying,1.5,39.5,479.0,83.0,80.0,75.0,70.0,70.0,101.0
Mega,1,0,Normal,Flying,2.2,50.5,579.0,83.0,80.0,80.0,135.0,80.0,121.0
Rattata,1,0,Normal,Normal,0.3,3.5,253.0,30.0,56.0,35.0,25.0,35.0,72.0
Alolan,1,0,Dark,Normal,0.3,3.8,253.0,30.0,56.0,35.0,25.0,35.0,72.0
Raticate,1,0,Normal,Normal,0.7,18.5,413.0,55.0,81.0,60.0,50.0,70.0,97.0
Alolan,1,0,Dark,Normal,0.7,25.5,413.0,75.0,71.0,70.0,40.0,80.0,77.0
Spearow,1,0,Normal,Flying,0.3,2.0,262.0,40.0,60.0,30.0,31.0,31.0,70.0
Fearow,1,0,Normal,Flying,1.2,38.0,442.0,65.0,90.0,65.0,61.0,61.0,100.0
Ekans,1,0,Poison,Normal,2.0,6.9,288.0,35.0,60.0,44.0,40.0,54.0,55.0
Arbok,1,0,Poison,Normal,3.5,65.0,448.0,60.0,95.0,69.0,65.0,79.0,80.0
Pikachu,1,0,Electric,Normal,0.4,6.0,320.0,35.0,55.0,40.0,50.0,50.0,90.0
Partner,1,0,Electric,Normal,0.4,6.0,430.0,45.0,80.0,50.0,75.0,60.0,120.0
Raichu,1,0,Electric,Normal,0.8,30.0,485.0,60.0,90.0,55.0,90.0,80.0,110.0
Alolan,1,0,Electric,Psychic,0.7,21.0,485.0,60.0,85.0,50.0,95.0,85.0,110.0
Sandshrew,1,0,Ground,Normal,0.6,12.0,300.0,50.0,75.0,85.0,20.0,30.0,40.0
Alolan,1,0,Ice,Steel,0.7,40.0,300.0,50.0,75.0,90.0,10.0,35.0,40.0
Sandslash,1,0,Ground,Normal,1.0,29.5,450.0,75.0,100.0,110.0,45.0,55.0,65.0
Alolan,1,0,Ice,Steel,1.2,55.0,450.0,75.0,100.0,120.0,25.0,65.0,65.0
Nidoran♀,1,0,Poison,Normal,0.4,7.0,275.0,55.0,47.0,52.0,40.0,40.0,41.0
Nidorina,1,0,Poison,Normal,0.8,20.0,365.0,70.0,62.0,67.0,55.0,55.0,56.0
Nidoqueen,1,0,Poison,Ground,1.3,60.0,505.0,90.0,92.0,87.0,75.0,85.0,76.0
Nidoran♂,1,0,Poison,Normal,0.5,9.0,273.0,46.0,57.0,40.0,40.0,40.0,50.0
Nidorino,1,0,Poison,Normal,0.9,19.5,365.0,61.0,72.0,57.0,55.0,55.0,65.0
Nidoking,1,0,Poison,Ground,1.4,62.0,505.0,81.0,102.0,77.0,85.0,75.0,85.0
Clefairy,1,0,Fairy,Normal,0.6,7.5,323.0,70.0,45.0,48.0,60.0,65.0,35.0
Clefable,1,0,Fairy,Normal,1.3,40.0,483.0,95.0,70.0,73.0,95.0,90.0,60.0
Vulpix,1,0,Fire,Normal,0.6,9.9,299.0,38.0,41.0,40.0,50.0,65.0,65.0
Alolan,1,0,Ice,Normal,0.6,9.9,299.0,38.0,41.0,40.0,50.0,65.0,65.0
Ninetales,1,0,Fire,Normal,1.1,19.9,505.0,73.0,76.0,75.0,81.0,100.0,100.0
Alolan,1,0,Ice,Fairy,1.1,19.9,505.0,73.0,67.0,75.0,81.0,100.0,109.0
Jigglypuff,1,0,Normal,Fairy,0.5,5.5,270.0,115.0,45.0,20.0,45.0,25.0,20.0
Wigglytuff,1,0,Normal,Fairy,1.0,12.0,435.0,140.0,70.0,45.0,85.0,50.0,45.0
Zubat,1,0,Poison,Flying,0.8,7.5,245.0,40.0,45.0,35.0,30.0,40.0,55.0
Golbat,1,0,Poison,Flying,1.6,55.0,455.0,75.0,80.0,70.0,65.0,75.0,90.0
Oddish,1,0,Grass,Poison,0.5,5.4,320.0,45.0,50.0,55.0,75.0,65.0,30.0
Gloom,1,0,Grass,Poison,0.8,8.6,395.0,60.0,65.0,70.0,85.0,75.0,40.0
Vileplume,1,0,Grass,Poison,1.2,18.6,490.0,75.0,80.0,85.0,110.0,90.0,50.0
Paras,1,0,Bug,Grass,0.3,5.4,285.0,35.0,70.0,55.0,45.0,55.0,25.0
Parasect,1,0,Bug,Grass,1.0,29.5,405.0,60.0,95.0,80.0,60.0,80.0,30.0
Venonat,1,0,Bug,Poison,1.0,30.0,305.0,60.0,55.0,50.0,40.0,55.0,45.0
Venomoth,1,0,Bug,Poison,1.5,12.5,450.0,70.0,65.0,60.0,90.0,75.0,90.0
Diglett,1,0,Ground,Normal,0.2,0.8,265.0,10.0,55.0,25.0,35.0,45.0,95.0
Alolan,1,0,Ground,Steel,0.2,1.0,265.0,10.0,55.0,30.0,35.0,45.0,90.0
Dugtrio,1,0,Ground,Normal,0.7,33.3,425.0,35.0,100.0,50.0,50.0,70.0,120.0
Alolan,1,0,Ground,Steel,0.7,66.6,425.0,35.0,100.0,60.0,50.0,70.0,110.0
Meowth,1,0,Normal,Normal,0.4,4.2,290.0,40.0,45.0,35.0,40.0,40.0,90.0
Alolan,1,0,Dark,Normal,0.4,4.2,290.0,40.0,35.0,35.0,50.0,40.0,90.0
Galarian,1,0,Steel,Normal,0.4,7.5,290.0,50.0,65.0,55.0,40.0,40.0,40.0
Persian,1,0,Normal,Normal,1.0,32.0,440.0,65.0,70.0,60.0,65.0,65.0,115.0
Alolan,1,0,Dark,Normal,1.1,33.0,440.0,65.0,60.0,60.0,75.0,65.0,115.0
Psyduck,1,0,Water,Normal,0.8,19.6,320.0,50.0,52.0,48.0,65.0,50.0,55.0
Golduck,1,0,Water,Normal,1.7,76.6,500.0,80.0,82.0,78.0,95.0,80.0,85.0
Mankey,1,0,Fighting,Normal,0.5,28.0,305.0,40.0,80.0,35.0,35.0,45.0,70.0
Primeape,1,0,Fighting,Normal,1.0,32.0,455.0,65.0,105.0,60.0,60.0,70.0,95.0
Growlithe,1,0,Fire,Normal,0.7,19.0,350.0,55.0,70.0,45.0,70.0,50.0,60.0
Arcanine,1,0,Fire,Normal,1.9,155.0,555.0,90.0,110.0,80.0,100.0,80.0,95.0
Poliwag,1,0,Water,Normal,0.6,12.4,300.0,40.0,50.0,40.0,40.0,40.0,90.0
Poliwhirl,1,0,Water,Normal,1.0,20.0,385.0,65.0,65.0,65.0,50.0,50.0,90.0
Poliwrath,1,0,Water,Fighting,1.3,54.0,510.0,90.0,95.0,95.0,70.0,90.0,70.0
Abra,1,0,Psychic,Normal,0.9,19.5,310.0,25.0,20.0,15.0,105.0,55.0,90.0
Kadabra,1,0,Psychic,Normal,1.3,56.5,400.0,40.0,35.0,30.0,120.0,70.0,105.0
Alakazam,1,0,Psychic,Normal,1.5,48.0,500.0,55.0,50.0,45.0,135.0,95.0,120.0
Mega,1,0,Psychic,Normal,1.2,48.0,600.0,55.0,50.0,65.0,175.0,105.0,150.0
Machop,1,0,Fighting,Normal,0.8,19.5,305.0,70.0,80.0,50.0,35.0,35.0,35.0
Machoke,1,0,Fighting,Normal,1.5,70.5,405.0,80.0,100.0,70.0,50.0,60.0,45.0
Machamp,1,0,Fighting,Normal,1.6,130.0,505.0,90.0,130.0,80.0,65.0,85.0,55.0
Bellsprout,1,0,Grass,Poison,0.7,4.0,300.0,50.0,75.0,35.0,70.0,30.0,40.0
Weepinbell,1,0,Grass,Poison,1.0,6.4,390.0,65.0,90.0,50.0,85.0,45.0,55.0
Victreebel,1,0,Grass,Poison,1.7,15.5,490.0,80.0,105.0,65.0,100.0,70.0,70.0
Tentacool,1,0,Water,Poison,0.9,45.5,335.0,40.0,40.0,35.0,50.0,100.0,70.0
Tentacruel,1,0,Water,Poison,1.6,55.0,515.0,80.0,70.0,65.0,80.0,120.0,100.0
Geodude,1,0,Rock,Ground,0.4,20.0,300.0,40.0,80.0,100.0,30.0,30.0,20.0
Alolan,1,0,Rock,Electric,0.4,20.3,300.0,40.0,80.0,100.0,30.0,30.0,20.0
Graveler,1,0,Rock,Ground,1.0,105.0,390.0,55.0,95.0,115.0,45.0,45.0,35.0
Alolan,1,0,Rock,Electric,1.0,110.0,390.0,55.0,95.0,115.0,45.0,45.0,35.0
Golem,1,0,Rock,Ground,1.4,300.0,495.0,80.0,120.0,130.0,55.0,65.0,45.0
Alolan,1,0,Rock,Electric,1.7,316.0,495.0,80.0,120.0,130.0,55.0,65.0,45.0
Ponyta,1,0,Fire,Normal,1.0,30.0,410.0,50.0,85.0,55.0,65.0,65.0,90.0
Galarian,1,0,Psychic,Normal,0.8,24.0,410.0,50.0,85.0,55.0,65.0,65.0,90.0
Rapidash,1,0,Fire,Normal,1.7,95.0,500.0,65.0,100.0,70.0,80.0,80.0,105.0
Galarian,1,0,Psychic,Fairy,1.7,80.0,500.0,65.0,100.0,70.0,80.0,80.0,105.0
Slowpoke,1,0,Water,Psychic,1.2,36.0,315.0,90.0,65.0,65.0,40.0,40.0,15.0
Slowbro,1,0,Water,Psychic,1.6,78.5,490.0,95.0,75.0,110.0,100.0,80.0,30.0
Mega,1,0,Water,Psychic,2.0,120.0,590.0,95.0,75.0,180.0,130.0,80.0,30.0
Magnemite,1,0,Electric,Steel,0.3,6.0,325.0,25.0,35.0,70.0,95.0,55.0,45.0
Magneton,1,0,Electric,Steel,1.0,60.0,465.0,50.0,60.0,95.0,120.0,70.0,70.0
Farfetch'd,1,0,Normal,Flying,0.8,15.0,377.0,52.0,90.0,55.0,58.0,62.0,60.0
Galarian,1,0,Fighting,Normal,0.8,42.0,377.0,52.0,95.0,55.0,58.0,62.0,55.0
Doduo,1,0,Normal,Flying,1.4,39.2,310.0,35.0,85.0,45.0,35.0,35.0,75.0
Dodrio,1,0,Normal,Flying,1.8,85.2,470.0,60.0,110.0,70.0,60.0,60.0,110.0
Seel,1,0,Water,Normal,1.1,90.0,325.0,65.0,45.0,55.0,45.0,70.0,45.0
Dewgong,1,0,Water,Ice,1.7,120.0,475.0,90.0,70.0,80.0,70.0,95.0,70.0
Grimer,1,0,Poison,Normal,0.9,30.0,325.0,80.0,80.0,50.0,40.0,50.0,25.0
Alolan,1,0,Poison,Dark,0.7,42.0,325.0,80.0,80.0,50.0,40.0,50.0,25.0
Muk,1,0,Poison,Normal,1.2,30.0,500.0,105.0,105.0,75.0,65.0,100.0,50.0
Alolan,1,0,Poison,Dark,1.0,52.0,500.0,105.0,105.0,75.0,65.0,100.0,50.0
Shellder,1,0,Water,Normal,0.3,4.0,305.0,30.0,65.0,100.0,45.0,25.0,40.0
Cloyster,1,0,Water,Ice,1.5,132.5,525.0,50.0,95.0,180.0,85.0,45.0,70.0
Gastly,1,0,Ghost,Poison,1.3,0.1,310.0,30.0,35.0,30.0,100.0,35.0,80.0
Haunter,1,0,Ghost,Poison,1.6,0.1,405.0,45.0,50.0,45.0,115.0,55.0,95.0
Gengar,1,0,Ghost,Poison,1.5,40.5,500.0,60.0,65.0,60.0,130.0,75.0,110.0
Mega,1,0,Ghost,Poison,1.4,40.5,600.0,60.0,65.0,80.0,170.0,95.0,130.0
Onix,1,0,Rock,Ground,8.8,210.0,385.0,35.0,45.0,160.0,30.0,45.0,70.0
Drowzee,1,0,Psychic,Normal,1.0,32.4,328.0,60.0,48.0,45.0,43.0,90.0,42.0
Hypno,1,0,Psychic,Normal,1.6,75.6,483.0,85.0,73.0,70.0,73.0,115.0,67.0
Krabby,1,0,Water,Normal,0.4,6.5,325.0,30.0,105.0,90.0,25.0,25.0,50.0
Kingler,1,0,Water,Normal,1.3,60.0,475.0,55.0,130.0,115.0,50.0,50.0,75.0
Voltorb,1,0,Electric,Normal,0.5,10.4,330.0,40.0,30.0,50.0,55.0,55.0,100.0
Electrode,1,0,Electric,Normal,1.2,66.6,490.0,60.0,50.0,70.0,80.0,80.0,150.0
Exeggcute,1,0,Grass,Psychic,0.4,2.5,325.0,60.0,40.0,80.0,60.0,45.0,40.0
Exeggutor,1,0,Grass,Psychic,2.0,120.0,530.0,95.0,95.0,85.0,125.0,75.0,55.0
Alolan,1,0,Grass,Dragon,10.9,415.6,530.0,95.0,105.0,85.0,125.0,75.0,45.0
Cubone,1,0,Ground,Normal,0.4,6.5,320.0,50.0,50.0,95.0,40.0,50.0,35.0
Marowak,1,0,Ground,Normal,1.0,45.0,425.0,60.0,80.0,110.0,50.0,80.0,45.0
Alolan,1,0,Fire,Ghost,1.0,34.0,425.0,60.0,80.0,110.0,50.0,80.0,45.0
Hitmonlee,1,0,Fighting,Normal,1.5,49.8,455.0,50.0,120.0,53.0,35.0,110.0,87.0
Hitmonchan,1,0,Fighting,Normal,1.4,50.2,455.0,50.0,105.0,79.0,35.0,110.0,76.0
Lickitung,1,0,Normal,Normal,1.2,65.5,385.0,90.0,55.0,75.0,60.0,75.0,30.0
Koffing,1,0,Poison,Normal,0.6,1.0,340.0,40.0,65.0,95.0,60.0,45.0,35.0
Weezing,1,0,Poison,Normal,1.2,9.5,490.0,65.0,90.0,120.0,85.0,70.0,60.0
Galarian,1,0,Poison,Fairy,3.0,16.0,490.0,65.0,90.0,120.0,85.0,70.0,60.0
Rhyhorn,1,0,Ground,Rock,1.0,115.0,345.0,80.0,85.0,95.0,30.0,30.0,25.0
Rhydon,1,0,Ground,Rock,1.9,120.0,485.0,105.0,130.0,120.0,45.0,45.0,40.0
Chansey,1,0,Normal,Normal,1.1,34.6,450.0,250.0,5.0,5.0,35.0,105.0,50.0
Tangela,1,0,Grass,Normal,1.0,35.0,435.0,65.0,55.0,115.0,100.0,40.0,60.0
Kangaskhan,1,0,Normal,Normal,2.2,80.0,490.0,105.0,95.0,80.0,40.0,80.0,90.0
Mega,1,0,Normal,Normal,2.2,100.0,590.0,105.0,125.0,100.0,60.0,100.0,100.0
Horsea,1,0,Water,Normal,0.4,8.0,295.0,30.0,40.0,70.0,70.0,25.0,60.0
Seadra,1,0,Water,Normal,1.2,25.0,440.0,55.0,65.0,95.0,95.0,45.0,85.0
Goldeen,1,0,Water,Normal,0.6,15.0,320.0,45.0,67.0,60.0,35.0,50.0,63.0
Seaking,1,0,Water,Normal,1.3,39.0,450.0,80.0,92.0,65.0,65.0,80.0,68.0
Staryu,1,0,Water,Normal,0.8,34.5,340.0,30.0,45.0,55.0,70.0,55.0,85.0
Starmie,1,0,Water,Psychic,1.1,80.0,520.0,60.0,75.0,85.0,100.0,85.0,115.0
Mr.,1,0,Psychic,Fairy,1.3,54.5,460.0,40.0,45.0,65.0,100.0,120.0,90.0
Galarian,1,0,Psychic,Ice,1.4,56.8,460.0,50.0,65.0,65.0,90.0,90.0,100.0
Scyther,1,0,Bug,Flying,1.5,56.0,500.0,70.0,110.0,80.0,55.0,80.0,105.0
Jynx,1,0,Ice,Psychic,1.4,40.6,455.0,65.0,50.0,35.0,115.0,95.0,95.0
Electabuzz,1,0,Electric,Normal,1.1,30.0,490.0,65.0,83.0,57.0,95.0,85.0,105.0
Magmar,1,0,Fire,Normal,1.3,44.5,495.0,65.0,95.0,57.0,100.0,85.0,93.0
Pinsir,1,0,Bug,Normal,1.5,55.0,500.0,65.0,125.0,100.0,55.0,70.0,85.0
Mega,1,0,Bug,Flying,1.7,59.0,600.0,65.0,155.0,120.0,65.0,90.0,105.0
Tauros,1,0,Normal,Normal,1.4,88.4,490.0,75.0,100.0,95.0,40.0,70.0,110.0
Magikarp,1,0,Water,Normal,0.9,10.0,200.0,20.0,10.0,55.0,15.0,20.0,80.0
Gyarados,1,0,Water,Flying,6.5,235.0,540.0,95.0,125.0,79.0,60.0,100.0,81.0
Mega,1,0,Water,Dark,6.5,305.0,640.0,95.0,155.0,109.0,70.0,130.0,81.0
Lapras,1,0,Water,Ice,2.5,220.0,535.0,130.0,85.0,80.0,85.0,95.0,60.0
Ditto,1,0,Normal,Normal,0.3,4.0,288.0,48.0,48.0,48.0,48.0,48.0,48.0
Eevee,1,0,Normal,Normal,0.3,6.5,325.0,55.0,55.0,50.0,45.0,65.0,55.0
Partner,1,0,Normal,Normal,0.3,6.5,435.0,65.0,75.0,70.0,65.0,85.0,75.0
Vaporeon,1,0,Water,Normal,1.0,29.0,525.0,130.0,65.0,60.0,110.0,95.0,65.0
Jolteon,1,0,Electric,Normal,0.8,24.5,525.0,65.0,65.0,60.0,110.0,95.0,130.0
Flareon,1,0,Fire,Normal,0.9,25.0,525.0,65.0,130.0,60.0,95.0,110.0,65.0
Porygon,1,0,Normal,Normal,0.8,36.5,395.0,65.0,60.0,70.0,85.0,75.0,40.0
Omanyte,1,0,Rock,Water,0.4,7.5,355.0,35.0,40.0,100.0,90.0,55.0,35.0
Omastar,1,0,Rock,Water,1.0,35.0,495.0,70.0,60.0,125.0,115.0,70.0,55.0
Kabuto,1,0,Rock,Water,0.5,11.5,355.0,30.0,80.0,90.0,55.0,45.0,55.0
Kabutops,1,0,Rock,Water,1.3,40.5,495.0,60.0,115.0,105.0,65.0,70.0,80.0
Aerodactyl,1,0,Rock,Flying,1.8,59.0,515.0,80.0,105.0,65.0,60.0,75.0,130.0
Mega,1,0,Rock,Flying,2.1,79.0,615.0,80.0,135.0,85.0,70.0,95.0,150.0
Snorlax,1,0,Normal,Normal,2.1,460.0,540.0,160.0,110.0,65.0,65.0,110.0,30.0
Articuno,1,0,Ice,Flying,1.7,55.4,580.0,90.0,85.0,100.0,95.0,125.0,85.0
Zapdos,1,0,Electric,Flying,1.6,52.6,580.0,90.0,90.0,85.0,125.0,90.0,100.0
Moltres,1,0,Fire,Flying,2.0,60.0,580.0,90.0,100.0,90.0,125.0,85.0,90.0
Dratini,1,0,Dragon,Normal,1.8,3.3,300.0,41.0,64.0,45.0,50.0,50.0,50.0
Dragonair,1,0,Dragon,Normal,4.0,16.5,420.0,61.0,84.0,65.0,70.0,70.0,70.0
Dragonite,1,0,Dragon,Flying,2.2,210.0,600.0,91.0,134.0,95.0,100.0,100.0,80.0
Mewtwo,1,1,Psychic,Normal,2.0,122.0,680.0,106.0,110.0,90.0,154.0,90.0,130.0
Mega,1,1,Psychic,Fighting,2.3,127.0,780.0,106.0,190.0,100.0,154.0,100.0,130.0
Mega,1,1,Psychic,Normal,1.5,33.0,780.0,106.0,150.0,70.0,194.0,120.0,140.0
Mew,1,0,Psychic,Normal,0.4,4.0,600.0,100.0,100.0,100.0,100.0,100.0,100.0
Chikorita,2,0,Grass,Normal,0.9,6.4,318.0,45.0,49.0,65.0,49.0,65.0,45.0
Bayleef,2,0,Grass,Normal,1.2,15.8,405.0,60.0,62.0,80.0,63.0,80.0,60.0
Meganium,2,0,Grass,Normal,1.8,100.5,525.0,80.0,82.0,100.0,83.0,100.0,80.0
Cyndaquil,2,0,Fire,Normal,0.5,7.9,309.0,39.0,52.0,43.0,60.0,50.0,65.0
Quilava,2,0,Fire,Normal,0.9,19.0,405.0,58.0,64.0,58.0,80.0,65.0,80.0
Typhlosion,2,0,Fire,Normal,1.7,79.5,534.0,78.0,84.0,78.0,109.0,85.0,100.0
Totodile,2,0,Water,Normal,0.6,9.5,314.0,50.0,65.0,64.0,44.0,48.0,43.0
Croconaw,2,0,Water,Normal,1.1,25.0,405.0,65.0,80.0,80.0,59.0,63.0,58.0
Feraligatr,2,0,Water,Normal,2.3,88.8,530.0,85.0,105.0,100.0,79.0,83.0,78.0
Sentret,2,0,Normal,Normal,0.8,6.0,215.0,35.0,46.0,34.0,35.0,45.0,20.0
Furret,2,0,Normal,Normal,1.8,32.5,415.0,85.0,76.0,64.0,45.0,55.0,90.0
Hoothoot,2,0,Normal,Flying,0.7,21.2,262.0,60.0,30.0,30.0,36.0,56.0,50.0
Noctowl,2,0,Normal,Flying,1.6,40.8,452.0,100.0,50.0,50.0,86.0,96.0,70.0
Ledyba,2,0,Bug,Flying,1.0,10.8,265.0,40.0,20.0,30.0,40.0,80.0,55.0
Ledian,2,0,Bug,Flying,1.4,35.6,390.0,55.0,35.0,50.0,55.0,110.0,85.0
Spinarak,2,0,Bug,Poison,0.5,8.5,250.0,40.0,60.0,40.0,40.0,40.0,30.0
Ariados,2,0,Bug,Poison,1.1,33.5,400.0,70.0,90.0,70.0,60.0,70.0,40.0
Crobat,2,0,Poison,Flying,1.8,75.0,535.0,85.0,90.0,80.0,70.0,80.0,130.0
Chinchou,2,0,Water,Electric,0.5,12.0,330.0,75.0,38.0,38.0,56.0,56.0,67.0
Lanturn,2,0,Water,Electric,1.2,22.5,460.0,125.0,58.0,58.0,76.0,76.0,67.0
Pichu,2,0,Electric,Normal,0.3,2.0,205.0,20.0,40.0,15.0,35.0,35.0,60.0
Cleffa,2,0,Fairy,Normal,0.3,3.0,218.0,50.0,25.0,28.0,45.0,55.0,15.0
Igglybuff,2,0,Normal,Fairy,0.3,1.0,210.0,90.0,30.0,15.0,40.0,20.0,15.0
Togepi,2,0,Fairy,Normal,0.3,1.5,245.0,35.0,20.0,65.0,40.0,65.0,20.0
Togetic,2,0,Fairy,Flying,0.6,3.2,405.0,55.0,40.0,85.0,80.0,105.0,40.0
Natu,2,0,Psychic,Flying,0.2,2.0,320.0,40.0,50.0,45.0,70.0,45.0,70.0
Xatu,2,0,Psychic,Flying,1.5,15.0,470.0,65.0,75.0,70.0,95.0,70.0,95.0
Mareep,2,0,Electric,Normal,0.6,7.8,280.0,55.0,40.0,40.0,65.0,45.0,35.0
Flaaffy,2,0,Electric,Normal,0.8,13.3,365.0,70.0,55.0,55.0,80.0,60.0,45.0
Ampharos,2,0,Electric,Normal,1.4,61.5,510.0,90.0,75.0,85.0,115.0,90.0,55.0
Mega,2,0,Electric,Dragon,1.4,61.5,610.0,90.0,95.0,105.0,165.0,110.0,45.0
Bellossom,2,0,Grass,Normal,0.4,5.8,490.0,75.0,80.0,95.0,90.0,100.0,50.0
Marill,2,0,Water,Fairy,0.4,8.5,250.0,70.0,20.0,50.0,20.0,50.0,40.0
Azumarill,2,0,Water,Fairy,0.8,28.5,420.0,100.0,50.0,80.0,60.0,80.0,50.0
Sudowoodo,2,0,Rock,Normal,1.2,38.0,410.0,70.0,100.0,115.0,30.0,65.0,30.0
Politoed,2,0,Water,Normal,1.1,33.9,500.0,90.0,75.0,75.0,90.0,100.0,70.0
Hoppip,2,0,Grass,Flying,0.4,0.5,250.0,35.0,35.0,40.0,35.0,55.0,50.0
Skiploom,2,0,Grass,Flying,0.6,1.0,340.0,55.0,45.0,50.0,45.0,65.0,80.0
Jumpluff,2,0,Grass,Flying,0.8,3.0,460.0,75.0,55.0,70.0,55.0,95.0,110.0
Aipom,2,0,Normal,Normal,0.8,11.5,360.0,55.0,70.0,55.0,40.0,55.0,85.0
Sunkern,2,0,Grass,Normal,0.3,1.8,180.0,30.0,30.0,30.0,30.0,30.0,30.0
Sunflora,2,0,Grass,Normal,0.8,8.5,425.0,75.0,75.0,55.0,105.0,85.0,30.0
Yanma,2,0,Bug,Flying,1.2,38.0,390.0,65.0,65.0,45.0,75.0,45.0,95.0
Wooper,2,0,Water,Ground,0.4,8.5,210.0,55.0,45.0,45.0,25.0,25.0,15.0
Quagsire,2,0,Water,Ground,1.4,75.0,430.0,95.0,85.0,85.0,65.0,65.0,35.0
Espeon,2,0,Psychic,Normal,0.9,26.5,525.0,65.0,65.0,60.0,130.0,95.0,110.0
Umbreon,2,0,Dark,Normal,1.0,27.0,525.0,95.0,65.0,110.0,60.0,130.0,65.0
Murkrow,2,0,Water,Psychic,2.0,79.5,490.0,95.0,75.0,80.0,100.0,110.0,30.0
Misdreavus,2,0,Ghost,Normal,0.7,1.0,435.0,60.0,60.0,60.0,85.0,85.0,85.0
Unown,2,0,Psychic,Normal,0.5,5.0,336.0,48.0,72.0,48.0,72.0,48.0,48.0
Wobbuffet,2,0,Psychic,Normal,1.3,28.5,405.0,190.0,33.0,58.0,33.0,58.0,33.0
Girafarig,2,0,Normal,Psychic,1.5,41.5,455.0,70.0,80.0,65.0,90.0,65.0,85.0
Pineco,2,0,Bug,Normal,0.6,7.2,290.0,50.0,65.0,90.0,35.0,35.0,15.0
Forretress,2,0,Bug,Steel,1.2,125.8,465.0,75.0,90.0,140.0,60.0,60.0,40.0
Dunsparce,2,0,Normal,Normal,1.5,14.0,415.0,100.0,70.0,70.0,65.0,65.0,45.0
Gligar,2,0,Ground,Flying,1.1,64.8,430.0,65.0,75.0,105.0,35.0,65.0,85.0
Steelix,2,0,Steel,Ground,9.2,400.0,510.0,75.0,85.0,200.0,55.0,65.0,30.0
Mega,2,0,Steel,Ground,10.5,740.0,610.0,75.0,125.0,230.0,55.0,95.0,30.0
Snubbull,2,0,Fairy,Normal,0.6,7.8,300.0,60.0,80.0,50.0,40.0,40.0,30.0
Granbull,2,0,Fairy,Normal,1.4,48.7,450.0,90.0,120.0,75.0,60.0,60.0,45.0
Qwilfish,2,0,Water,Poison,0.5,3.9,440.0,65.0,95.0,85.0,55.0,55.0,85.0
Scizor,2,0,Bug,Steel,1.8,118.0,500.0,70.0,130.0,100.0,55.0,80.0,65.0
Mega,2,0,Bug,Steel,2.0,125.0,600.0,70.0,150.0,140.0,65.0,100.0,75.0
Shuckle,2,0,Bug,Rock,0.6,20.5,505.0,20.0,10.0,230.0,10.0,230.0,5.0
Heracross,2,0,Bug,Fighting,1.5,54.0,500.0,80.0,125.0,75.0,40.0,95.0,85.0
Mega,2,0,Bug,Fighting,1.7,62.5,600.0,80.0,185.0,115.0,40.0,105.0,75.0
Sneasel,2,0,Dark,Ice,0.9,28.0,430.0,55.0,95.0,55.0,35.0,75.0,115.0
Teddiursa,2,0,Normal,Normal,0.6,8.8,330.0,60.0,80.0,50.0,50.0,50.0,40.0
Ursaring,2,0,Normal,Normal,1.8,125.8,500.0,90.0,130.0,75.0,75.0,75.0,55.0
Slugma,2,0,Fire,Normal,0.7,35.0,250.0,40.0,40.0,40.0,70.0,40.0,20.0
Magcargo,2,0,Fire,Rock,0.8,55.0,430.0,60.0,50.0,120.0,90.0,80.0,30.0
Swinub,2,0,Ice,Ground,0.4,6.5,250.0,50.0,50.0,40.0,30.0,30.0,50.0
Piloswine,2,0,Ice,Ground,1.1,55.8,450.0,100.0,100.0,80.0,60.0,60.0,50.0
Corsola,2,0,Water,Rock,0.6,5.0,410.0,65.0,55.0,95.0,65.0,95.0,35.0
Galarian,2,0,Ghost,Normal,0.6,0.5,410.0,60.0,55.0,100.0,65.0,100.0,30.0
Remoraid,2,0,Water,Normal,0.6,12.0,300.0,35.0,65.0,35.0,65.0,35.0,65.0
Octillery,2,0,Water,Normal,0.9,28.5,480.0,75.0,105.0,75.0,105.0,75.0,45.0
Delibird,2,0,Ice,Flying,0.9,16.0,330.0,45.0,55.0,45.0,65.0,45.0,75.0
Mantine,2,0,Water,Flying,2.1,220.0,485.0,85.0,40.0,70.0,80.0,140.0,70.0
Skarmory,2,0,Steel,Flying,1.7,50.5,465.0,65.0,80.0,140.0,40.0,70.0,70.0
Houndour,2,0,Dark,Fire,0.6,10.8,330.0,45.0,60.0,30.0,80.0,50.0,65.0
Houndoom,2,0,Dark,Fire,1.4,35.0,500.0,75.0,90.0,50.0,110.0,80.0,95.0
Mega,2,0,Dark,Fire,1.9,49.5,600.0,75.0,90.0,90.0,140.0,90.0,115.0
Kingdra,2,0,Water,Dragon,1.8,152.0,540.0,75.0,95.0,95.0,95.0,95.0,85.0
Phanpy,2,0,Ground,Normal,0.5,33.5,330.0,90.0,60.0,60.0,40.0,40.0,40.0
Donphan,2,0,Ground,Normal,1.1,120.0,500.0,90.0,120.0,120.0,60.0,60.0,50.0
Porygon2,2,0,Normal,Normal,0.6,32.5,515.0,85.0,80.0,90.0,105.0,95.0,60.0
Stantler,2,0,Normal,Normal,1.4,71.2,465.0,73.0,95.0,62.0,85.0,65.0,85.0
Smeargle,2,0,Normal,Normal,1.2,58.0,250.0,55.0,20.0,35.0,20.0,45.0,75.0
Tyrogue,2,0,Fighting,Normal,0.7,21.0,210.0,35.0,35.0,35.0,35.0,35.0,35.0
Hitmontop,2,0,Fighting,Normal,1.4,48.0,455.0,50.0,95.0,95.0,35.0,110.0,70.0
Smoochum,2,0,Ice,Psychic,0.4,6.0,305.0,45.0,30.0,15.0,85.0,65.0,65.0
Elekid,2,0,Electric,Normal,0.6,23.5,360.0,45.0,63.0,37.0,65.0,55.0,95.0
Magby,2,0,Fire,Normal,0.7,21.4,365.0,45.0,75.0,37.0,70.0,55.0,83.0
Miltank,2,0,Normal,Normal,1.2,75.5,490.0,95.0,80.0,105.0,40.0,70.0,100.0
Blissey,2,0,Normal,Normal,1.5,46.8,540.0,255.0,10.0,10.0,75.0,135.0,55.0
Raikou,2,0,Electric,Normal,1.9,178.0,580.0,90.0,85.0,75.0,115.0,100.0,115.0
Entei,2,0,Fire,Normal,2.1,198.0,580.0,115.0,115.0,85.0,90.0,75.0,100.0
Suicune,2,0,Water,Normal,2.0,187.0,580.0,100.0,75.0,115.0,90.0,115.0,85.0
Larvitar,2,0,Rock,Ground,0.6,72.0,300.0,50.0,64.0,50.0,45.0,50.0,41.0
Pupitar,2,0,Rock,Ground,1.2,152.0,410.0,70.0,84.0,70.0,65.0,70.0,51.0
Tyranitar,2,0,Rock,Dark,2.0,202.0,600.0,100.0,134.0,110.0,95.0,100.0,61.0
Mega,2,0,Rock,Dark,2.5,255.0,700.0,100.0,164.0,150.0,95.0,120.0,71.0
Lugia,2,1,Psychic,Flying,5.2,216.0,680.0,106.0,90.0,130.0,90.0,154.0,110.0
Ho-oh,2,1,Fire,Flying,3.8,199.0,680.0,106.0,130.0,90.0,110.0,154.0,90.0
Celebi,2,0,Psychic,Grass,0.6,5.0,600.0,100.0,100.0,100.0,100.0,100.0,100.0
Treecko,3,0,Grass,Normal,0.5,5.0,310.0,40.0,45.0,35.0,65.0,55.0,70.0
Grovyle,3,0,Grass,Normal,0.9,21.6,405.0,50.0,65.0,45.0,85.0,65.0,95.0
Sceptile,3,0,Grass,Normal,1.7,52.2,530.0,70.0,85.0,65.0,105.0,85.0,120.0
Mega,3,0,Grass,Dragon,1.9,55.2,630.0,70.0,110.0,75.0,145.0,85.0,145.0
Torchic,3,0,Fire,Normal,0.4,2.5,310.0,45.0,60.0,40.0,70.0,50.0,45.0
Combusken,3,0,Fire,Fighting,0.9,19.5,405.0,60.0,85.0,60.0,85.0,60.0,55.0
Blaziken,3,0,Fire,Fighting,1.9,52.0,530.0,80.0,120.0,70.0,110.0,70.0,80.0
Mega,3,0,Fire,Fighting,1.9,52.0,630.0,80.0,160.0,80.0,130.0,80.0,100.0
Mudkip,3,0,Water,Normal,0.4,7.6,310.0,50.0,70.0,50.0,50.0,50.0,40.0
Marshtomp,3,0,Water,Ground,0.7,28.0,405.0,70.0,85.0,70.0,60.0,70.0,50.0
Swampert,3,0,Water,Ground,1.5,81.9,535.0,100.0,110.0,90.0,85.0,90.0,60.0
Mega,3,0,Water,Ground,1.9,102.0,635.0,100.0,150.0,110.0,95.0,110.0,70.0
Poochyena,3,0,Dark,Normal,0.5,13.6,220.0,35.0,55.0,35.0,30.0,30.0,35.0
Mightyena,3,0,Dark,Normal,1.0,37.0,420.0,70.0,90.0,70.0,60.0,60.0,70.0
Zigzagoon,3,0,Normal,Normal,0.4,17.5,240.0,38.0,30.0,41.0,30.0,41.0,60.0
Galarian,3,0,Dark,Normal,0.4,17.5,240.0,38.0,30.0,41.0,30.0,41.0,60.0
Linoone,3,0,Normal,Normal,0.5,32.5,420.0,78.0,70.0,61.0,50.0,61.0,100.0
Galarian,3,0,Dark,Normal,0.5,32.5,420.0,78.0,70.0,61.0,50.0,61.0,100.0
Wurmple,3,0,Bug,Normal,0.3,3.6,195.0,45.0,45.0,35.0,20.0,30.0,20.0
Silcoon,3,0,Bug,Normal,0.6,10.0,205.0,50.0,35.0,55.0,25.0,25.0,15.0
Beautifly,3,0,Bug,Flying,1.0,28.4,395.0,60.0,70.0,50.0,100.0,50.0,65.0
Cascoon,3,0,Bug,Normal,0.7,11.5,205.0,50.0,35.0,55.0,25.0,25.0,15.0
Dustox,3,0,Bug,Poison,1.2,31.6,385.0,60.0,50.0,70.0,50.0,90.0,65.0
Lotad,3,0,Water,Grass,0.5,2.6,220.0,40.0,30.0,30.0,40.0,50.0,30.0
Lombre,3,0,Water,Grass,1.2,32.5,340.0,60.0,50.0,50.0,60.0,70.0,50.0
Ludicolo,3,0,Water,Grass,1.5,55.0,480.0,80.0,70.0,70.0,90.0,100.0,70.0
Seedot,3,0,Grass,Normal,0.5,4.0,220.0,40.0,40.0,50.0,30.0,30.0,30.0
Nuzleaf,3,0,Grass,Dark,1.0,28.0,340.0,70.0,70.0,40.0,60.0,40.0,60.0
Shiftry,3,0,Grass,Dark,1.3,59.6,480.0,90.0,100.0,60.0,90.0,60.0,80.0
Taillow,3,0,Normal,Flying,0.3,2.3,270.0,40.0,55.0,30.0,30.0,30.0,85.0
Swellow,3,0,Normal,Flying,0.7,19.8,455.0,60.0,85.0,60.0,75.0,50.0,125.0
Wingull,3,0,Water,Flying,0.6,9.5,270.0,40.0,30.0,30.0,55.0,30.0,85.0
Pelipper,3,0,Water,Flying,1.2,28.0,440.0,60.0,50.0,100.0,95.0,70.0,65.0
Ralts,3,0,Psychic,Fairy,0.4,6.6,198.0,28.0,25.0,25.0,45.0,35.0,40.0
Kirlia,3,0,Psychic,Fairy,0.8,20.2,278.0,38.0,35.0,35.0,65.0,55.0,50.0
Gardevoir,3,0,Psychic,Fairy,1.6,48.4,518.0,68.0,65.0,65.0,125.0,115.0,80.0
Mega,3,0,Psychic,Fairy,1.6,48.4,618.0,68.0,85.0,65.0,165.0,135.0,100.0
Surskit,3,0,Bug,Water,0.5,1.7,269.0,40.0,30.0,32.0,50.0,52.0,65.0
Masquerain,3,0,Bug,Flying,0.8,3.6,454.0,70.0,60.0,62.0,100.0,82.0,80.0
Shroomish,3,0,Grass,Normal,0.4,4.5,295.0,60.0,40.0,60.0,40.0,60.0,35.0
Breloom,3,0,Grass,Fighting,1.2,39.2,460.0,60.0,130.0,80.0,60.0,60.0,70.0
Slakoth,3,0,Normal,Normal,0.8,24.0,280.0,60.0,60.0,60.0,35.0,35.0,30.0
Vigoroth,3,0,Normal,Normal,1.4,46.5,440.0,80.0,80.0,80.0,55.0,55.0,90.0
Slaking,3,0,Normal,Normal,2.0,130.5,670.0,150.0,160.0,100.0,95.0,65.0,100.0
Nincada,3,0,Bug,Ground,0.5,5.5,266.0,31.0,45.0,90.0,30.0,30.0,40.0
Ninjask,3,0,Bug,Flying,0.8,12.0,456.0,61.0,90.0,45.0,50.0,50.0,160.0
Shedinja,3,0,Bug,Ghost,0.8,1.2,236.0,1.0,90.0,45.0,30.0,30.0,40.0
Whismur,3,0,Normal,Normal,0.6,16.3,240.0,64.0,51.0,23.0,51.0,23.0,28.0
Loudred,3,0,Normal,Normal,1.0,40.5,360.0,84.0,71.0,43.0,71.0,43.0,48.0
Exploud,3,0,Normal,Normal,1.5,84.0,490.0,104.0,91.0,63.0,91.0,73.0,68.0
Makuhita,3,0,Fighting,Normal,1.0,86.4,237.0,72.0,60.0,30.0,20.0,30.0,25.0
Hariyama,3,0,Fighting,Normal,2.3,253.8,474.0,144.0,120.0,60.0,40.0,60.0,50.0
Azurill,3,0,Normal,Fairy,0.2,2.0,190.0,50.0,20.0,40.0,20.0,40.0,20.0
Nosepass,3,0,Rock,Normal,1.0,97.0,375.0,30.0,45.0,135.0,45.0,90.0,30.0
Skitty,3,0,Normal,Normal,0.6,11.0,260.0,50.0,45.0,45.0,35.0,35.0,50.0
Delcatty,3,0,Normal,Normal,1.1,32.6,400.0,70.0,65.0,65.0,55.0,55.0,90.0
Sableye,3,0,Dark,Ghost,0.5,11.0,380.0,50.0,75.0,75.0,65.0,65.0,50.0
Mega,3,0,Dark,Ghost,0.5,161.0,480.0,50.0,85.0,125.0,85.0,115.0,20.0
Mawile,3,0,Steel,Fairy,0.6,11.5,380.0,50.0,85.0,85.0,55.0,55.0,50.0
Mega,3,0,Steel,Fairy,1.0,23.5,480.0,50.0,105.0,125.0,55.0,95.0,50.0
Aron,3,0,Steel,Rock,0.4,60.0,330.0,50.0,70.0,100.0,40.0,40.0,30.0
Lairon,3,0,Steel,Rock,0.9,120.0,430.0,60.0,90.0,140.0,50.0,50.0,40.0
Aggron,3,0,Steel,Rock,2.1,360.0,530.0,70.0,110.0,180.0,60.0,60.0,50.0
Mega,3,0,Steel,Normal,2.2,395.0,630.0,70.0,140.0,230.0,60.0,80.0,50.0
Meditite,3,0,Fighting,Psychic,0.6,11.2,280.0,30.0,40.0,55.0,40.0,55.0,60.0
Medicham,3,0,Fighting,Psychic,1.3,31.5,410.0,60.0,60.0,75.0,60.0,75.0,80.0
Mega,3,0,Fighting,Psychic,1.3,31.5,510.0,60.0,100.0,85.0,80.0,85.0,100.0
Electrike,3,0,Electric,Normal,0.6,15.2,295.0,40.0,45.0,40.0,65.0,40.0,65.0
Manectric,3,0,Electric,Normal,1.5,40.2,475.0,70.0,75.0,60.0,105.0,60.0,105.0
Mega,3,0,Electric,Normal,1.8,44.0,575.0,70.0,75.0,80.0,135.0,80.0,135.0
Plusle,3,0,Electric,Normal,0.4,4.2,405.0,60.0,50.0,40.0,85.0,75.0,95.0
Minun,3,0,Electric,Normal,0.4,4.2,405.0,60.0,40.0,50.0,75.0,85.0,95.0
Volbeat,3,0,Bug,Normal,0.7,17.7,430.0,65.0,73.0,75.0,47.0,85.0,85.0
Illumise,3,0,Bug,Normal,0.6,17.7,430.0,65.0,47.0,75.0,73.0,85.0,85.0
Roselia,3,0,Grass,Poison,0.3,2.0,400.0,50.0,60.0,45.0,100.0,80.0,65.0
Gulpin,3,0,Poison,Normal,0.4,10.3,302.0,70.0,43.0,53.0,43.0,53.0,40.0
Swalot,3,0,Poison,Normal,1.7,80.0,467.0,100.0,73.0,83.0,73.0,83.0,55.0
Carvanha,3,0,Water,Dark,0.8,20.8,305.0,45.0,90.0,20.0,65.0,20.0,65.0
Sharpedo,3,0,Water,Dark,1.8,88.8,460.0,70.0,120.0,40.0,95.0,40.0,95.0
Mega,3,0,Water,Dark,2.5,130.3,560.0,70.0,140.0,70.0,110.0,65.0,105.0
Wailmer,3,0,Water,Normal,2.0,130.0,400.0,130.0,70.0,35.0,70.0,35.0,60.0
Wailord,3,0,Water,Normal,14.5,398.0,500.0,170.0,90.0,45.0,90.0,45.0,60.0
Numel,3,0,Fire,Ground,0.7,24.0,305.0,60.0,60.0,40.0,65.0,45.0,35.0
Camerupt,3,0,Fire,Ground,1.9,220.0,460.0,70.0,100.0,70.0,105.0,75.0,40.0
Mega,3,0,Fire,Ground,2.5,320.5,560.0,70.0,120.0,100.0,145.0,105.0,20.0
Torkoal,3,0,Fire,Normal,0.5,80.4,470.0,70.0,85.0,140.0,85.0,70.0,20.0
Spoink,3,0,Psychic,Normal,0.7,30.6,330.0,60.0,25.0,35.0,70.0,80.0,60.0
Grumpig,3,0,Psychic,Normal,0.9,71.5,470.0,80.0,45.0,65.0,90.0,110.0,80.0
Spinda,3,0,Normal,Normal,1.1,5.0,360.0,60.0,60.0,60.0,60.0,60.0,60.0
Trapinch,3,0,Ground,Normal,0.7,15.0,290.0,45.0,100.0,45.0,45.0,45.0,10.0
Vibrava,3,0,Ground,Dragon,1.1,15.3,340.0,50.0,70.0,50.0,50.0,50.0,70.0
Flygon,3,0,Ground,Dragon,2.0,82.0,520.0,80.0,100.0,80.0,80.0,80.0,100.0
Cacnea,3,0,Grass,Normal,0.4,51.3,335.0,50.0,85.0,40.0,85.0,40.0,35.0
Cacturne,3,0,Grass,Dark,1.3,77.4,475.0,70.0,115.0,60.0,115.0,60.0,55.0
Swablu,3,0,Normal,Flying,0.4,1.2,310.0,45.0,40.0,60.0,40.0,75.0,50.0
Altaria,3,0,Dragon,Flying,1.1,20.6,490.0,75.0,70.0,90.0,70.0,105.0,80.0
Mega,3,0,Dragon,Fairy,1.5,20.6,590.0,75.0,110.0,110.0,110.0,105.0,80.0
Zangoose,3,0,Normal,Normal,1.3,40.3,458.0,73.0,115.0,60.0,60.0,60.0,90.0
Seviper,3,0,Poison,Normal,2.7,52.5,458.0,73.0,100.0,60.0,100.0,60.0,65.0
Lunatone,3,0,Rock,Psychic,1.0,168.0,460.0,90.0,55.0,65.0,95.0,85.0,70.0
Solrock,3,0,Rock,Psychic,1.2,154.0,460.0,90.0,95.0,85.0,55.0,65.0,70.0
Barboach,3,0,Water,Ground,0.4,1.9,288.0,50.0,48.0,43.0,46.0,41.0,60.0
Whiscash,3,0,Water,Ground,0.9,23.6,468.0,110.0,78.0,73.0,76.0,71.0,60.0
Corphish,3,0,Water,Normal,0.6,11.5,308.0,43.0,80.0,65.0,50.0,35.0,35.0
Crawdaunt,3,0,Water,Dark,1.1,32.8,468.0,63.0,120.0,85.0,90.0,55.0,55.0
Baltoy,3,0,Ground,Psychic,0.5,21.5,300.0,40.0,40.0,55.0,40.0,70.0,55.0
Claydol,3,0,Ground,Psychic,1.5,108.0,500.0,60.0,70.0,105.0,70.0,120.0,75.0
Lileep,3,0,Rock,Grass,1.0,23.8,355.0,66.0,41.0,77.0,61.0,87.0,23.0
Cradily,3,0,Rock,Grass,1.5,60.4,495.0,86.0,81.0,97.0,81.0,107.0,43.0
Anorith,3,0,Rock,Bug,0.7,12.5,355.0,45.0,95.0,50.0,40.0,50.0,75.0
Armaldo,3,0,Rock,Bug,1.5,68.2,495.0,75.0,125.0,100.0,70.0,80.0,45.0
Feebas,3,0,Water,Normal,0.6,7.4,200.0,20.0,15.0,20.0,10.0,55.0,80.0
Milotic,3,0,Water,Normal,6.2,162.0,540.0,95.0,60.0,79.0,100.0,125.0,81.0
Castform,3,0,Normal,Normal,0.3,0.8,420.0,70.0,70.0,70.0,70.0,70.0,70.0
Castform,3,0,Fire,Normal,0.3,0.8,420.0,70.0,70.0,70.0,70.0,70.0,70.0
Castform,3,0,Water,Normal,0.3,0.8,420.0,70.0,70.0,70.0,70.0,70.0,70.0
Castform,3,0,Ice,Normal,0.3,0.8,420.0,70.0,70.0,70.0,70.0,70.0,70.0
Kecleon,3,0,Normal,Normal,1.0,22.0,440.0,60.0,90.0,70.0,60.0,120.0,40.0
Shuppet,3,0,Ghost,Normal,0.6,2.3,295.0,44.0,75.0,35.0,63.0,33.0,45.0
Banette,3,0,Ghost,Normal,1.1,12.5,455.0,64.0,115.0,65.0,83.0,63.0,65.0
Mega,3,0,Ghost,Normal,1.2,13.0,555.0,64.0,165.0,75.0,93.0,83.0,75.0
Duskull,3,0,Ghost,Normal,0.8,15.0,295.0,20.0,40.0,90.0,30.0,90.0,25.0
Dusclops,3,0,Ghost,Normal,1.6,30.6,455.0,40.0,70.0,130.0,60.0,130.0,25.0
Tropius,3,0,Grass,Flying,2.0,100.0,460.0,99.0,68.0,83.0,72.0,87.0,51.0
Chimecho,3,0,Psychic,Normal,0.6,1.0,455.0,75.0,50.0,80.0,95.0,90.0,65.0
Absol,3,0,Dark,Normal,1.2,47.0,465.0,65.0,130.0,60.0,75.0,60.0,75.0
Mega,3,0,Dark,Normal,1.2,49.0,565.0,65.0,150.0,60.0,115.0,60.0,115.0
Wynaut,3,0,Psychic,Normal,0.6,14.0,260.0,95.0,23.0,48.0,23.0,48.0,23.0
Snorunt,3,0,Ice,Normal,0.7,16.8,300.0,50.0,50.0,50.0,50.0,50.0,50.0
Glalie,3,0,Ice,Normal,1.5,256.5,480.0,80.0,80.0,80.0,80.0,80.0,80.0
Mega,3,0,Ice,Normal,2.1,350.2,580.0,80.0,120.0,80.0,120.0,80.0,100.0
Spheal,3,0,Ice,Water,0.8,39.5,290.0,70.0,40.0,50.0,55.0,50.0,25.0
Sealeo,3,0,Ice,Water,1.1,87.6,410.0,90.0,60.0,70.0,75.0,70.0,45.0
Walrein,3,0,Ice,Water,1.4,150.6,530.0,110.0,80.0,90.0,95.0,90.0,65.0
Clamperl,3,0,Water,Normal,0.4,52.5,345.0,35.0,64.0,85.0,74.0,55.0,32.0
Huntail,3,0,Water,Normal,1.7,27.0,485.0,55.0,104.0,105.0,94.0,75.0,52.0
Gorebyss,3,0,Water,Normal,1.8,22.6,485.0,55.0,84.0,105.0,114.0,75.0,52.0
Relicanth,3,0,Water,Rock,1.0,23.4,485.0,100.0,90.0,130.0,45.0,65.0,55.0
Luvdisc,3,0,Water,Normal,0.6,8.7,330.0,43.0,30.0,55.0,40.0,65.0,97.0
Bagon,3,0,Dragon,Normal,0.6,42.1,300.0,45.0,75.0,60.0,40.0,30.0,50.0
Shelgon,3,0,Dragon,Normal,1.1,110.5,420.0,65.0,95.0,100.0,60.0,50.0,50.0
Salamence,3,0,Dragon,Flying,1.5,102.6,600.0,95.0,135.0,80.0,110.0,80.0,100.0
Mega,3,0,Dragon,Flying,1.8,112.6,700.0,95.0,145.0,130.0,120.0,90.0,120.0
Beldum,3,0,Steel,Psychic,0.6,95.2,300.0,40.0,55.0,80.0,35.0,60.0,30.0
Metang,3,0,Steel,Psychic,1.2,202.5,420.0,60.0,75.0,100.0,55.0,80.0,50.0
Metagross,3,0,Steel,Psychic,1.6,550.0,600.0,80.0,135.0,130.0,95.0,90.0,70.0
Mega,3,0,Steel,Psychic,2.5,942.9,700.0,80.0,145.0,150.0,105.0,110.0,110.0
Regirock,3,0,Rock,Normal,1.7,230.0,580.0,80.0,100.0,200.0,50.0,100.0,50.0
Regice,3,0,Ice,Normal,1.8,175.0,580.0,80.0,50.0,100.0,100.0,200.0,50.0
Registeel,3,0,Steel,Normal,1.9,205.0,580.0,80.0,75.0,150.0,75.0,150.0,50.0
Latias,3,0,Dragon,Psychic,1.4,40.0,600.0,80.0,80.0,90.0,110.0,130.0,110.0
Mega,3,0,Dragon,Psychic,1.8,52.0,700.0,80.0,100.0,120.0,140.0,150.0,110.0
Latios,3,0,Dragon,Psychic,2.0,60.0,600.0,80.0,90.0,80.0,130.0,110.0,110.0
Mega,3,0,Dragon,Psychic,2.3,70.0,700.0,80.0,130.0,100.0,160.0,120.0,110.0
Kyogre,3,1,Water,Normal,4.5,352.0,670.0,100.0,100.0,90.0,150.0,140.0,90.0
Primal,3,1,Water,Normal,9.8,430.0,770.0,100.0,150.0,90.0,180.0,160.0,90.0
Groudon,3,1,Ground,Normal,3.5,950.0,670.0,100.0,150.0,140.0,100.0,90.0,90.0
Primal,3,1,Ground,Fire,5.0,999.7,770.0,100.0,180.0,160.0,150.0,90.0,90.0
Rayquaza,3,1,Dragon,Flying,7.0,206.5,680.0,105.0,150.0,90.0,150.0,90.0,95.0
Mega,3,1,Dragon,Flying,10.8,392.0,780.0,105.0,180.0,100.0,180.0,100.0,115.0
Jirachi,3,0,Steel,Psychic,0.3,1.1,600.0,100.0,100.0,100.0,100.0,100.0,100.0
Deoxys,3,0,Psychic,Normal,1.7,60.8,600.0,50.0,150.0,50.0,150.0,50.0,150.0
Deoxys,3,0,Psychic,Normal,1.7,60.8,600.0,50.0,180.0,20.0,180.0,20.0,150.0
Deoxys,3,0,Psychic,Normal,1.7,60.8,600.0,50.0,70.0,160.0,70.0,160.0,90.0
Deoxys,3,0,Psychic,Normal,1.7,60.8,600.0,50.0,95.0,90.0,95.0,90.0,180.0
Turtwig,4,0,Grass,Normal,0.4,10.2,318.0,55.0,68.0,64.0,45.0,55.0,31.0
Grotle,4,0,Grass,Normal,1.1,97.0,405.0,75.0,89.0,85.0,55.0,65.0,36.0
Torterra,4,0,Grass,Ground,2.2,310.0,525.0,95.0,109.0,105.0,75.0,85.0,56.0
Chimchar,4,0,Fire,Normal,0.5,6.2,309.0,44.0,58.0,44.0,58.0,44.0,61.0
Monferno,4,0,Fire,Fighting,0.9,22.0,405.0,64.0,78.0,52.0,78.0,52.0,81.0
Infernape,4,0,Fire,Fighting,1.2,55.0,534.0,76.0,104.0,71.0,104.0,71.0,108.0
Piplup,4,0,Water,Normal,0.4,5.2,314.0,53.0,51.0,53.0,61.0,56.0,40.0
Prinplup,4,0,Water,Normal,0.8,23.0,405.0,64.0,66.0,68.0,81.0,76.0,50.0
Empoleon,4,0,Water,Steel,1.7,84.5,530.0,84.0,86.0,88.0,111.0,101.0,60.0
Starly,4,0,Normal,Flying,0.3,2.0,245.0,40.0,55.0,30.0,30.0,30.0,60.0
Staravia,4,0,Normal,Flying,0.6,15.5,340.0,55.0,75.0,50.0,40.0,40.0,80.0
Staraptor,4,0,Normal,Flying,1.2,24.9,485.0,85.0,120.0,70.0,50.0,60.0,100.0
Bidoof,4,0,Normal,Normal,0.5,20.0,250.0,59.0,45.0,40.0,35.0,40.0,31.0
Bibarel,4,0,Normal,Water,1.0,31.5,410.0,79.0,85.0,60.0,55.0,60.0,71.0
Kricketot,4,0,Bug,Normal,0.3,2.2,194.0,37.0,25.0,41.0,25.0,41.0,25.0
Kricketune,4,0,Bug,Normal,1.0,25.5,384.0,77.0,85.0,51.0,55.0,51.0,65.0
Shinx,4,0,Electric,Normal,0.5,9.5,263.0,45.0,65.0,34.0,40.0,34.0,45.0
Luxio,4,0,Electric,Normal,0.9,30.5,363.0,60.0,85.0,49.0,60.0,49.0,60.0
Luxray,4,0,Electric,Normal,1.4,42.0,523.0,80.0,120.0,79.0,95.0,79.0,70.0
Budew,4,0,Grass,Poison,0.2,1.2,280.0,40.0,30.0,35.0,50.0,70.0,55.0
Roserade,4,0,Grass,Poison,0.9,14.5,515.0,60.0,70.0,65.0,125.0,105.0,90.0
Cranidos,4,0,Rock,Normal,0.9,31.5,350.0,67.0,125.0,40.0,30.0,30.0,58.0
Rampardos,4,0,Rock,Normal,1.6,102.5,495.0,97.0,165.0,60.0,65.0,50.0,58.0
Shieldon,4,0,Rock,Steel,0.5,57.0,350.0,30.0,42.0,118.0,42.0,88.0,30.0
Bastiodon,4,0,Rock,Steel,1.3,149.5,495.0,60.0,52.0,168.0,47.0,138.0,30.0
Burmy,4,0,Bug,Normal,0.2,3.4,224.0,40.0,29.0,45.0,29.0,45.0,36.0
Wormadam,4,0,Bug,Grass,0.5,6.5,424.0,60.0,59.0,85.0,79.0,105.0,36.0
Wormadam,4,0,Bug,Ground,0.5,6.5,424.0,60.0,79.0,105.0,59.0,85.0,36.0
Wormadam,4,0,Bug,Steel,0.5,6.5,424.0,60.0,69.0,95.0,69.0,95.0,36.0
Mothim,4,0,Bug,Flying,0.9,23.3,424.0,70.0,94.0,50.0,94.0,50.0,66.0
Combee,4,0,Bug,Flying,0.3,5.5,244.0,30.0,30.0,42.0,30.0,42.0,70.0
Vespiquen,4,0,Bug,Flying,1.2,38.5,474.0,70.0,80.0,102.0,80.0,102.0,40.0
Pachirisu,4,0,Electric,Normal,0.4,3.9,405.0,60.0,45.0,70.0,45.0,90.0,95.0
Buizel,4,0,Water,Normal,0.7,29.5,330.0,55.0,65.0,35.0,60.0,30.0,85.0
Floatzel,4,0,Water,Normal,1.1,33.5,495.0,85.0,105.0,55.0,85.0,50.0,115.0
Cherubi,4,0,Grass,Normal,0.4,3.3,275.0,45.0,35.0,45.0,62.0,53.0,35.0
Cherrim,4,0,Grass,Normal,0.5,9.3,450.0,70.0,60.0,70.0,87.0,78.0,85.0
Shellos,4,0,Water,Normal,0.3,6.3,325.0,76.0,48.0,48.0,57.0,62.0,34.0
Gastrodon,4,0,Water,Ground,0.9,29.9,475.0,111.0,83.0,68.0,92.0,82.0,39.0
Ambipom,4,0,Normal,Normal,1.2,20.3,482.0,75.0,100.0,66.0,60.0,66.0,115.0
Drifloon,4,0,Ghost,Flying,0.4,1.2,348.0,90.0,50.0,34.0,60.0,44.0,70.0
Drifblim,4,0,Ghost,Flying,1.2,15.0,498.0,150.0,80.0,44.0,90.0,54.0,80.0
Buneary,4,0,Normal,Normal,0.4,5.5,350.0,55.0,66.0,44.0,44.0,56.0,85.0
Lopunny,4,0,Normal,Normal,1.2,33.3,480.0,65.0,76.0,84.0,54.0,96.0,105.0
Mega,4,0,Normal,Fighting,1.3,28.3,580.0,65.0,136.0,94.0,54.0,96.0,135.0
Mismagius,4,0,Ghost,Normal,0.9,4.4,495.0,60.0,60.0,60.0,105.0,105.0,105.0
Honchkrow,4,0,Dark,Flying,0.9,27.3,505.0,100.0,125.0,52.0,105.0,52.0,71.0
Glameow,4,0,Normal,Normal,0.5,3.9,310.0,49.0,55.0,42.0,42.0,37.0,85.0
Purugly,4,0,Normal,Normal,1.0,43.8,452.0,71.0,82.0,64.0,64.0,59.0,112.0
Chingling,4,0,Psychic,Normal,0.2,0.6,285.0,45.0,30.0,50.0,65.0,50.0,45.0
Stunky,4,0,Poison,Dark,0.4,19.2,329.0,63.0,63.0,47.0,41.0,41.0,74.0
Skuntank,4,0,Poison,Dark,1.0,38.0,479.0,103.0,93.0,67.0,71.0,61.0,84.0
Bronzor,4,0,Steel,Psychic,0.5,60.5,300.0,57.0,24.0,86.0,24.0,86.0,23.0
Bronzong,4,0,Steel,Psychic,1.3,187.0,500.0,67.0,89.0,116.0,79.0,116.0,33.0
Bonsly,4,0,Rock,Normal,0.5,15.0,290.0,50.0,80.0,95.0,10.0,45.0,10.0
Mime,4,0,Psychic,Fairy,0.6,13.0,310.0,20.0,25.0,45.0,70.0,90.0,60.0
Happiny,4,0,Normal,Normal,0.6,24.4,220.0,100.0,5.0,5.0,15.0,65.0,30.0
Chatot,4,0,Normal,Flying,0.5,1.9,411.0,76.0,65.0,45.0,92.0,42.0,91.0
Spiritomb,4,0,Ghost,Dark,1.0,108.0,485.0,50.0,92.0,108.0,92.0,108.0,35.0
Gible,4,0,Dragon,Ground,0.7,20.5,300.0,58.0,70.0,45.0,40.0,45.0,42.0
Gabite,4,0,Dragon,Ground,1.4,56.0,410.0,68.0,90.0,65.0,50.0,55.0,82.0
Garchomp,4,0,Dragon,Ground,1.9,95.0,600.0,108.0,130.0,95.0,80.0,85.0,102.0
Mega,4,0,Dragon,Ground,1.9,95.0,700.0,108.0,170.0,115.0,120.0,95.0,92.0
Munchlax,4,0,Normal,Normal,0.6,105.0,390.0,135.0,85.0,40.0,40.0,85.0,5.0
Riolu,4,0,Fighting,Normal,0.7,20.2,285.0,40.0,70.0,40.0,35.0,40.0,60.0
Lucario,4,0,Fighting,Steel,1.2,54.0,525.0,70.0,110.0,70.0,115.0,70.0,90.0
Mega,4,0,Fighting,Steel,1.3,57.5,625.0,70.0,145.0,88.0,140.0,70.0,112.0
Hippopotas,4,0,Ground,Normal,0.8,49.5,330.0,68.0,72.0,78.0,38.0,42.0,32.0
Hippowdon,4,0,Ground,Normal,2.0,300.0,525.0,108.0,112.0,118.0,68.0,72.0,47.0
Skorupi,4,0,Poison,Bug,0.8,12.0,330.0,40.0,50.0,90.0,30.0,55.0,65.0
Drapion,4,0,Poison,Dark,1.3,61.5,500.0,70.0,90.0,110.0,60.0,75.0,95.0
Croagunk,4,0,Poison,Fighting,0.7,23.0,300.0,48.0,61.0,40.0,61.0,40.0,50.0
Toxicroak,4,0,Poison,Fighting,1.3,44.4,490.0,83.0,106.0,65.0,86.0,65.0,85.0
Carnivine,4,0,Grass,Normal,1.4,27.0,454.0,74.0,100.0,72.0,90.0,72.0,46.0
Finneon,4,0,Water,Normal,0.4,7.0,330.0,49.0,49.0,56.0,49.0,61.0,66.0
Lumineon,4,0,Water,Normal,1.2,24.0,460.0,69.0,69.0,76.0,69.0,86.0,91.0
Mantyke,4,0,Water,Flying,1.0,65.0,345.0,45.0,20.0,50.0,60.0,120.0,50.0
Snover,4,0,Grass,Ice,1.0,50.5,334.0,60.0,62.0,50.0,62.0,60.0,40.0
Abomasnow,4,0,Grass,Ice,2.2,135.5,494.0,90.0,92.0,75.0,92.0,85.0,60.0
Mega,4,0,Grass,Ice,2.7,185.0,594.0,90.0,132.0,105.0,132.0,105.0,30.0
Weavile,4,0,Dark,Ice,1.1,34.0,510.0,70.0,120.0,65.0,45.0,85.0,125.0
Magnezone,4,0,Electric,Steel,1.2,180.0,535.0,70.0,70.0,115.0,130.0,90.0,60.0
Lickilicky,4,0,Normal,Normal,1.7,140.0,515.0,110.0,85.0,95.0,80.0,95.0,50.0
Rhyperior,4,0,Ground,Rock,2.4,282.8,535.0,115.0,140.0,130.0,55.0,55.0,40.0
Tangrowth,4,0,Grass,Normal,2.0,128.6,535.0,100.0,100.0,125.0,110.0,50.0,50.0
Electivire,4,0,Electric,Normal,1.8,138.6,540.0,75.0,123.0,67.0,95.0,85.0,95.0
Magmortar,4,0,Fire,Normal,1.6,68.0,540.0,75.0,95.0,67.0,125.0,95.0,83.0
Togekiss,4,0,Fairy,Flying,1.5,38.0,545.0,85.0,50.0,95.0,120.0,115.0,80.0
Yanmega,4,0,Bug,Flying,1.9,51.5,515.0,86.0,76.0,86.0,116.0,56.0,95.0
Leafeon,4,0,Grass,Normal,1.0,25.5,525.0,65.0,110.0,130.0,60.0,65.0,95.0
Glaceon,4,0,Ice,Normal,0.8,25.9,525.0,65.0,60.0,110.0,130.0,95.0,65.0
Gliscor,4,0,Ground,Flying,2.0,42.5,510.0,75.0,95.0,125.0,45.0,75.0,95.0
Mamoswine,4,0,Ice,Ground,2.5,291.0,530.0,110.0,130.0,80.0,70.0,60.0,80.0
Porygon-Z,4,0,Normal,Normal,0.9,34.0,535.0,85.0,80.0,70.0,135.0,75.0,90.0
Gallade,4,0,Psychic,Fighting,1.6,52.0,518.0,68.0,125.0,65.0,65.0,115.0,80.0
Mega,4,0,Psychic,Fighting,1.6,56.4,618.0,68.0,165.0,95.0,65.0,115.0,110.0
Probopass,4,0,Rock,Steel,1.4,340.0,525.0,60.0,55.0,145.0,75.0,150.0,40.0
Dusknoir,4,0,Ghost,Normal,2.2,106.6,525.0,45.0,100.0,135.0,65.0,135.0,45.0
Froslass,4,0,Ice,Ghost,1.3,26.6,480.0,70.0,80.0,70.0,80.0,70.0,110.0
Rotom,4,0,Electric,Ghost,0.3,0.3,440.0,50.0,50.0,77.0,95.0,77.0,91.0
Heat,4,0,Electric,Fire,0.3,0.3,520.0,50.0,65.0,107.0,105.0,107.0,86.0
Wash,4,0,Electric,Water,0.3,0.3,520.0,50.0,65.0,107.0,105.0,107.0,86.0
Frost,4,0,Electric,Ice,0.3,0.3,520.0,50.0,65.0,107.0,105.0,107.0,86.0
Fan,4,0,Electric,Flying,0.3,0.3,520.0,50.0,65.0,107.0,105.0,107.0,86.0
Mow,4,0,Electric,Grass,0.3,0.3,520.0,50.0,65.0,107.0,105.0,107.0,86.0
Uxie,4,0,Psychic,Normal,0.3,0.3,580.0,75.0,75.0,130.0,75.0,130.0,95.0
Mesprit,4,0,Psychic,Normal,0.3,0.3,580.0,80.0,105.0,105.0,105.0,105.0,80.0
Azelf,4,0,Psychic,Normal,0.3,0.3,580.0,75.0,125.0,70.0,125.0,70.0,115.0
Dialga,4,1,Steel,Dragon,5.4,683.0,680.0,100.0,120.0,120.0,150.0,100.0,90.0
Palkia,4,1,Water,Dragon,4.2,336.0,680.0,90.0,120.0,100.0,150.0,120.0,100.0
Heatran,4,0,Fire,Steel,1.7,430.0,600.0,91.0,90.0,106.0,130.0,106.0,77.0
Regigigas,4,0,Normal,Normal,3.7,420.0,670.0,110.0,160.0,110.0,80.0,110.0,100.0
Giratina,4,1,Ghost,Dragon,4.5,750.0,680.0,150.0,100.0,120.0,100.0,120.0,90.0
Giratina,4,1,Ghost,Dragon,6.9,650.0,680.0,150.0,120.0,100.0,120.0,100.0,90.0
Cresselia,4,0,Psychic,Normal,1.5,85.6,600.0,120.0,70.0,120.0,75.0,130.0,85.0
Phione,4,0,Water,Normal,0.4,3.1,480.0,80.0,80.0,80.0,80.0,80.0,80.0
Manaphy,4,0,Water,Normal,0.3,1.4,600.0,100.0,100.0,100.0,100.0,100.0,100.0
Darkrai,4,0,Dark,Normal,1.5,50.5,600.0,70.0,90.0,90.0,135.0,90.0,125.0
Shaymin,4,0,Grass,Normal,0.2,2.1,600.0,100.0,100.0,100.0,100.0,100.0,100.0
Shaymin,4,0,Grass,Flying,0.4,5.2,600.0,100.0,103.0,75.0,120.0,75.0,127.0
Arceus,4,0,Normal,Normal,3.2,320.0,720.0,120.0,120.0,120.0,120.0,120.0,120.0
Victini,5,0,Psychic,Fire,0.4,4.0,600.0,100.0,100.0,100.0,100.0,100.0,100.0
Snivy,5,0,Grass,Normal,0.6,8.1,308.0,45.0,45.0,55.0,45.0,55.0,63.0
Servine,5,0,Grass,Normal,0.8,16.0,413.0,60.0,60.0,75.0,60.0,75.0,83.0
Serperior,5,0,Grass,Normal,3.3,63.0,528.0,75.0,75.0,95.0,75.0,95.0,113.0
Tepig,5,0,Fire,Normal,0.5,9.9,308.0,65.0,63.0,45.0,45.0,45.0,45.0
Pignite,5,0,Fire,Fighting,1.0,55.5,418.0,90.0,93.0,55.0,70.0,55.0,55.0
Emboar,5,0,Fire,Fighting,1.6,150.0,528.0,110.0,123.0,65.0,100.0,65.0,65.0
Oshawott,5,0,Water,Normal,0.5,5.9,308.0,55.0,55.0,45.0,63.0,45.0,45.0
Dewott,5,0,Water,Normal,0.8,24.5,413.0,75.0,75.0,60.0,83.0,60.0,60.0
Samurott,5,0,Water,Normal,1.5,94.6,528.0,95.0,100.0,85.0,108.0,70.0,70.0
Patrat,5,0,Normal,Normal,0.5,11.6,255.0,45.0,55.0,39.0,35.0,39.0,42.0
Watchog,5,0,Normal,Normal,1.1,27.0,420.0,60.0,85.0,69.0,60.0,69.0,77.0
Lillipup,5,0,Normal,Normal,0.4,4.1,275.0,45.0,60.0,45.0,25.0,45.0,55.0
Herdier,5,0,Normal,Normal,0.9,14.7,370.0,65.0,80.0,65.0,35.0,65.0,60.0
Stoutland,5,0,Normal,Normal,1.2,61.0,500.0,85.0,110.0,90.0,45.0,90.0,80.0
Purrloin,5,0,Dark,Normal,0.4,10.1,281.0,41.0,50.0,37.0,50.0,37.0,66.0
Liepard,5,0,Dark,Normal,1.1,37.5,446.0,64.0,88.0,50.0,88.0,50.0,106.0
Pansage,5,0,Grass,Normal,0.6,10.5,316.0,50.0,53.0,48.0,53.0,48.0,64.0
Simisage,5,0,Grass,Normal,1.1,30.5,498.0,75.0,98.0,63.0,98.0,63.0,101.0
Pansear,5,0,Fire,Normal,0.6,11.0,316.0,50.0,53.0,48.0,53.0,48.0,64.0
Simisear,5,0,Fire,Normal,1.0,28.0,498.0,75.0,98.0,63.0,98.0,63.0,101.0
Panpour,5,0,Water,Normal,0.6,13.5,316.0,50.0,53.0,48.0,53.0,48.0,64.0
Simipour,5,0,Water,Normal,1.0,29.0,498.0,75.0,98.0,63.0,98.0,63.0,101.0
Munna,5,0,Psychic,Normal,0.6,23.3,292.0,76.0,25.0,45.0,67.0,55.0,24.0
Musharna,5,0,Psychic,Normal,1.1,60.5,487.0,116.0,55.0,85.0,107.0,95.0,29.0
Pidove,5,0,Normal,Flying,0.3,2.1,264.0,50.0,55.0,50.0,36.0,30.0,43.0
Tranquill,5,0,Normal,Flying,0.6,15.0,358.0,62.0,77.0,62.0,50.0,42.0,65.0
Unfezant,5,0,Normal,Flying,1.2,29.0,488.0,80.0,115.0,80.0,65.0,55.0,93.0
Blitzle,5,0,Electric,Normal,0.8,29.8,295.0,45.0,60.0,32.0,50.0,32.0,76.0
Zebstrika,5,0,Electric,Normal,1.6,79.5,497.0,75.0,100.0,63.0,80.0,63.0,116.0
Roggenrola,5,0,Rock,Normal,0.4,18.0,280.0,55.0,75.0,85.0,25.0,25.0,15.0
Boldore,5,0,Rock,Normal,0.9,102.0,390.0,70.0,105.0,105.0,50.0,40.0,20.0
Gigalith,5,0,Rock,Normal,1.7,260.0,515.0,85.0,135.0,130.0,60.0,80.0,25.0
Woobat,5,0,Psychic,Flying,0.4,2.1,323.0,65.0,45.0,43.0,55.0,43.0,72.0
Swoobat,5,0,Psychic,Flying,0.9,10.5,425.0,67.0,57.0,55.0,77.0,55.0,114.0
Drilbur,5,0,Ground,Normal,0.3,8.5,328.0,60.0,85.0,40.0,30.0,45.0,68.0
Excadrill,5,0,Ground,Steel,0.7,40.4,508.0,110.0,135.0,60.0,50.0,65.0,88.0
Audino,5,0,Normal,Normal,1.1,31.0,445.0,103.0,60.0,86.0,60.0,86.0,50.0
Mega,5,0,Normal,Fairy,1.5,32.0,545.0,103.0,60.0,126.0,80.0,126.0,50.0
Timburr,5,0,Fighting,Normal,0.6,12.5,305.0,75.0,80.0,55.0,25.0,35.0,35.0
Gurdurr,5,0,Fighting,Normal,1.2,40.0,405.0,85.0,105.0,85.0,40.0,50.0,40.0
Conkeldurr,5,0,Fighting,Normal,1.4,87.0,505.0,105.0,140.0,95.0,55.0,65.0,45.0
Tympole,5,0,Water,Normal,0.5,4.5,294.0,50.0,50.0,40.0,50.0,40.0,64.0
Palpitoad,5,0,Water,Ground,0.8,17.0,384.0,75.0,65.0,55.0,65.0,55.0,69.0
Seismitoad,5,0,Water,Ground,1.5,62.0,509.0,105.0,95.0,75.0,85.0,75.0,74.0
Throh,5,0,Fighting,Normal,1.3,55.5,465.0,120.0,100.0,85.0,30.0,85.0,45.0
Sawk,5,0,Fighting,Normal,1.4,51.0,465.0,75.0,125.0,75.0,30.0,75.0,85.0
Sewaddle,5,0,Bug,Grass,0.3,2.5,310.0,45.0,53.0,70.0,40.0,60.0,42.0
Swadloon,5,0,Bug,Grass,0.5,7.3,380.0,55.0,63.0,90.0,50.0,80.0,42.0
Leavanny,5,0,Bug,Grass,1.2,20.5,500.0,75.0,103.0,80.0,70.0,80.0,92.0
Venipede,5,0,Bug,Poison,0.4,5.3,260.0,30.0,45.0,59.0,30.0,39.0,57.0
Whirlipede,5,0,Bug,Poison,1.2,58.5,360.0,40.0,55.0,99.0,40.0,79.0,47.0
Scolipede,5,0,Bug,Poison,2.5,200.5,485.0,60.0,100.0,89.0,55.0,69.0,112.0
Cottonee,5,0,Grass,Fairy,0.3,0.6,280.0,40.0,27.0,60.0,37.0,50.0,66.0
Whimsicott,5,0,Grass,Fairy,0.7,6.6,480.0,60.0,67.0,85.0,77.0,75.0,116.0
Petilil,5,0,Grass,Normal,0.5,6.6,280.0,45.0,35.0,50.0,70.0,50.0,30.0
Lilligant,5,0,Grass,Normal,1.1,16.3,480.0,70.0,60.0,75.0,110.0,75.0,90.0
Basculin,5,0,Water,Normal,1.0,18.0,460.0,70.0,92.0,65.0,80.0,55.0,98.0
Basculin,5,0,Water,Normal,1.0,18.0,460.0,70.0,92.0,65.0,80.0,55.0,98.0
Sandile,5,0,Ground,Dark,0.7,15.2,292.0,50.0,72.0,35.0,35.0,35.0,65.0
Krokorok,5,0,Ground,Dark,1.0,33.4,351.0,60.0,82.0,45.0,45.0,45.0,74.0
Krookodile,5,0,Ground,Dark,1.5,96.3,519.0,95.0,117.0,80.0,65.0,70.0,92.0
Darumaka,5,0,Fire,Normal,0.6,37.5,315.0,70.0,90.0,45.0,15.0,45.0,50.0
Galarian,5,0,Ice,Normal,0.7,40.0,315.0,70.0,90.0,45.0,15.0,45.0,50.0
Darmanitan,5,0,Fire,Normal,1.3,92.9,480.0,105.0,140.0,55.0,30.0,55.0,95.0
Darmanitan,5,0,Fire,Psychic,1.3,92.9,540.0,105.0,30.0,105.0,140.0,105.0,55.0
Darmanitan,5,0,Ice,Normal,1.7,120.0,480.0,105.0,140.0,55.0,30.0,55.0,95.0
Darmanitan,5,0,Ice,Fire,1.7,120.0,540.0,105.0,160.0,55.0,30.0,55.0,135.0
Maractus,5,0,Grass,Normal,1.0,28.0,461.0,75.0,86.0,67.0,106.0,67.0,60.0
Dwebble,5,0,Bug,Rock,0.3,14.5,325.0,50.0,65.0,85.0,35.0,35.0,55.0
Crustle,5,0,Bug,Rock,1.4,200.0,485.0,70.0,105.0,125.0,65.0,75.0,45.0
Scraggy,5,0,Dark,Fighting,0.6,11.8,348.0,50.0,75.0,70.0,35.0,70.0,48.0
Scrafty,5,0,Dark,Fighting,1.1,30.0,488.0,65.0,90.0,115.0,45.0,115.0,58.0
Sigilyph,5,0,Psychic,Flying,1.4,14.0,490.0,72.0,58.0,80.0,103.0,80.0,97.0
Yamask,5,0,Ghost,Normal,0.5,1.5,303.0,38.0,30.0,85.0,55.0,65.0,30.0
Galarian,5,0,Ground,Ghost,0.5,1.5,303.0,38.0,55.0,85.0,30.0,65.0,30.0
Cofagrigus,5,0,Ghost,Normal,1.7,76.5,483.0,58.0,50.0,145.0,95.0,105.0,30.0
Tirtouga,5,0,Water,Rock,0.7,16.5,355.0,54.0,78.0,103.0,53.0,45.0,22.0
Carracosta,5,0,Water,Rock,1.2,81.0,495.0,74.0,108.0,133.0,83.0,65.0,32.0
Archen,5,0,Rock,Flying,0.5,9.5,401.0,55.0,112.0,45.0,74.0,45.0,70.0
Archeops,5,0,Rock,Flying,1.4,32.0,567.0,75.0,140.0,65.0,112.0,65.0,110.0
Trubbish,5,0,Poison,Normal,0.6,31.0,329.0,50.0,50.0,62.0,40.0,62.0,65.0
Garbodor,5,0,Poison,Normal,1.9,107.3,474.0,80.0,95.0,82.0,60.0,82.0,75.0
Zorua,5,0,Dark,Normal,0.7,12.5,330.0,40.0,65.0,40.0,80.0,40.0,65.0
Zoroark,5,0,Dark,Normal,1.6,81.1,510.0,60.0,105.0,60.0,120.0,60.0,105.0
Minccino,5,0,Normal,Normal,0.4,5.8,300.0,55.0,50.0,40.0,40.0,40.0,75.0
Cinccino,5,0,Normal,Normal,0.5,7.5,470.0,75.0,95.0,60.0,65.0,60.0,115.0
Gothita,5,0,Psychic,Normal,0.4,5.8,290.0,45.0,30.0,50.0,55.0,65.0,45.0
Gothorita,5,0,Psychic,Normal,0.7,18.0,390.0,60.0,45.0,70.0,75.0,85.0,55.0
Gothitelle,5,0,Psychic,Normal,1.5,44.0,490.0,70.0,55.0,95.0,95.0,110.0,65.0
Solosis,5,0,Psychic,Normal,0.3,1.0,290.0,45.0,30.0,40.0,105.0,50.0,20.0
Duosion,5,0,Psychic,Normal,0.6,8.0,370.0,65.0,40.0,50.0,125.0,60.0,30.0
Reuniclus,5,0,Psychic,Normal,1.0,20.1,490.0,110.0,65.0,75.0,125.0,85.0,30.0
Ducklett,5,0,Water,Flying,0.5,5.5,305.0,62.0,44.0,50.0,44.0,50.0,55.0
Swanna,5,0,Water,Flying,1.3,24.2,473.0,75.0,87.0,63.0,87.0,63.0,98.0
Vanillite,5,0,Ice,Normal,0.4,5.7,305.0,36.0,50.0,50.0,65.0,60.0,44.0
Vanillish,5,0,Ice,Normal,1.1,41.0,395.0,51.0,65.0,65.0,80.0,75.0,59.0
Vanilluxe,5,0,Ice,Normal,1.3,57.5,535.0,71.0,95.0,85.0,110.0,95.0,79.0
Deerling,5,0,Normal,Grass,0.6,19.5,335.0,60.0,60.0,50.0,40.0,50.0,75.0
Sawsbuck,5,0,Normal,Grass,1.9,92.5,475.0,80.0,100.0,70.0,60.0,70.0,95.0
Emolga,5,0,Electric,Flying,0.4,5.0,428.0,55.0,75.0,60.0,75.0,60.0,103.0
Karrablast,5,0,Bug,Normal,0.5,5.9,315.0,50.0,75.0,45.0,40.0,45.0,60.0
Escavalier,5,0,Bug,Steel,1.0,33.0,495.0,70.0,135.0,105.0,60.0,105.0,20.0
Foongus,5,0,Grass,Poison,0.2,1.0,294.0,69.0,55.0,45.0,55.0,55.0,15.0
Amoonguss,5,0,Grass,Poison,0.6,10.5,464.0,114.0,85.0,70.0,85.0,80.0,30.0
Frillish,5,0,Water,Ghost,1.2,33.0,335.0,55.0,40.0,50.0,65.0,85.0,40.0
Jellicent,5,0,Water,Ghost,2.2,135.0,480.0,100.0,60.0,70.0,85.0,105.0,60.0
Alomomola,5,0,Water,Normal,1.2,31.6,470.0,165.0,75.0,80.0,40.0,45.0,65.0
Joltik,5,0,Bug,Electric,0.1,0.6,319.0,50.0,47.0,50.0,57.0,50.0,65.0
Galvantula,5,0,Bug,Electric,0.8,14.3,472.0,70.0,77.0,60.0,97.0,60.0,108.0
Ferroseed,5,0,Grass,Steel,0.6,18.8,305.0,44.0,50.0,91.0,24.0,86.0,10.0
Ferrothorn,5,0,Grass,Steel,1.0,110.0,489.0,74.0,94.0,131.0,54.0,116.0,20.0
Klink,5,0,Steel,Normal,0.3,21.0,300.0,40.0,55.0,70.0,45.0,60.0,30.0
Klang,5,0,Steel,Normal,0.6,51.0,440.0,60.0,80.0,95.0,70.0,85.0,50.0
Klinklang,5,0,Steel,Normal,0.6,81.0,520.0,60.0,100.0,115.0,70.0,85.0,90.0
Tynamo,5,0,Electric,Normal,0.2,0.3,275.0,35.0,55.0,40.0,45.0,40.0,60.0
Eelektrik,5,0,Electric,Normal,1.2,22.0,405.0,65.0,85.0,70.0,75.0,70.0,40.0
Eelektross,5,0,Electric,Normal,2.1,80.5,515.0,85.0,115.0,80.0,105.0,80.0,50.0
Elgyem,5,0,Psychic,Normal,0.5,9.0,335.0,55.0,55.0,55.0,85.0,55.0,30.0
Beheeyem,5,0,Psychic,Normal,1.0,34.5,485.0,75.0,75.0,75.0,125.0,95.0,40.0
Litwick,5,0,Ghost,Fire,0.3,3.1,275.0,50.0,30.0,55.0,65.0,55.0,20.0
Lampent,5,0,Ghost,Fire,0.6,13.0,370.0,60.0,40.0,60.0,95.0,60.0,55.0
Chandelure,5,0,Ghost,Fire,1.0,34.3,520.0,60.0,55.0,90.0,145.0,90.0,80.0
Axew,5,0,Dragon,Normal,0.6,18.0,320.0,46.0,87.0,60.0,30.0,40.0,57.0
Fraxure,5,0,Dragon,Normal,1.0,36.0,410.0,66.0,117.0,70.0,40.0,50.0,67.0
Haxorus,5,0,Dragon,Normal,1.8,105.5,540.0,76.0,147.0,90.0,60.0,70.0,97.0
Cubchoo,5,0,Ice,Normal,0.5,8.5,305.0,55.0,70.0,40.0,60.0,40.0,40.0
Beartic,5,0,Ice,Normal,2.6,260.0,505.0,95.0,130.0,80.0,70.0,80.0,50.0
Cryogonal,5,0,Ice,Normal,1.1,148.0,515.0,80.0,50.0,50.0,95.0,135.0,105.0
Shelmet,5,0,Bug,Normal,0.4,7.7,305.0,50.0,40.0,85.0,40.0,65.0,25.0
Accelgor,5,0,Bug,Normal,0.8,25.3,495.0,80.0,70.0,40.0,100.0,60.0,145.0
Stunfisk,5,0,Ground,Electric,0.7,11.0,471.0,109.0,66.0,84.0,81.0,99.0,32.0
Galarian,5,0,Ground,Steel,0.7,20.5,471.0,109.0,81.0,99.0,66.0,84.0,32.0
Mienfoo,5,0,Fighting,Normal,0.9,20.0,350.0,45.0,85.0,50.0,55.0,50.0,65.0
Mienshao,5,0,Fighting,Normal,1.4,35.5,510.0,65.0,125.0,60.0,95.0,60.0,105.0
Druddigon,5,0,Dragon,Normal,1.6,139.0,485.0,77.0,120.0,90.0,60.0,90.0,48.0
Golett,5,0,Ground,Ghost,1.0,92.0,303.0,59.0,74.0,50.0,35.0,50.0,35.0
Golurk,5,0,Ground,Ghost,2.8,330.0,483.0,89.0,124.0,80.0,55.0,80.0,55.0
Pawniard,5,0,Dark,Steel,0.5,10.2,340.0,45.0,85.0,70.0,40.0,40.0,60.0
Bisharp,5,0,Dark,Steel,1.6,70.0,490.0,65.0,125.0,100.0,60.0,70.0,70.0
Bouffalant,5,0,Normal,Normal,1.6,94.6,490.0,95.0,110.0,95.0,40.0,95.0,55.0
Rufflet,5,0,Normal,Flying,0.5,10.5,350.0,70.0,83.0,50.0,37.0,50.0,60.0
Braviary,5,0,Normal,Flying,1.5,41.0,510.0,100.0,123.0,75.0,57.0,75.0,80.0
Vullaby,5,0,Dark,Flying,0.5,9.0,370.0,70.0,55.0,75.0,45.0,65.0,60.0
Mandibuzz,5,0,Dark,Flying,1.2,39.5,510.0,110.0,65.0,105.0,55.0,95.0,80.0
Heatmor,5,0,Fire,Normal,1.4,58.0,484.0,85.0,97.0,66.0,105.0,66.0,65.0
Durant,5,0,Bug,Steel,0.3,33.0,484.0,58.0,109.0,112.0,48.0,48.0,109.0
Deino,5,0,Dark,Dragon,0.8,17.3,300.0,52.0,65.0,50.0,45.0,50.0,38.0
Zweilous,5,0,Dark,Dragon,1.4,50.0,420.0,72.0,85.0,70.0,65.0,70.0,58.0
Hydreigon,5,0,Dark,Dragon,1.8,160.0,600.0,92.0,105.0,90.0,125.0,90.0,98.0
Larvesta,5,0,Bug,Fire,1.1,28.8,360.0,55.0,85.0,55.0,50.0,55.0,60.0
Volcarona,5,0,Bug,Fire,1.6,46.0,550.0,85.0,60.0,65.0,135.0,105.0,100.0
Cobalion,5,0,Steel,Fighting,2.1,250.0,580.0,91.0,90.0,129.0,90.0,72.0,108.0
Terrakion,5,0,Rock,Fighting,1.9,260.0,580.0,91.0,129.0,90.0,72.0,90.0,108.0
Virizion,5,0,Grass,Fighting,2.0,200.0,580.0,91.0,90.0,72.0,90.0,129.0,108.0
Tornadus,5,0,Flying,Normal,1.5,63.0,580.0,79.0,115.0,70.0,125.0,80.0,111.0
Tornadus,5,0,Flying,Normal,1.4,63.0,580.0,79.0,100.0,80.0,110.0,90.0,121.0
Thundurus,5,0,Electric,Flying,1.5,61.0,580.0,79.0,115.0,70.0,125.0,80.0,111.0
Thundurus,5,0,Electric,Flying,3.0,61.0,580.0,79.0,105.0,70.0,145.0,80.0,101.0
Reshiram,5,1,Dragon,Fire,3.2,330.0,680.0,100.0,120.0,100.0,150.0,120.0,90.0
Zekrom,5,1,Dragon,Electric,2.9,345.0,680.0,100.0,150.0,120.0,120.0,100.0,90.0
Landorus,5,0,Ground,Flying,1.5,68.0,600.0,89.0,125.0,90.0,115.0,80.0,101.0
Landorus,5,0,Ground,Flying,1.3,68.0,600.0,89.0,145.0,90.0,105.0,80.0,91.0
Kyurem,5,1,Dragon,Ice,3.0,325.0,660.0,125.0,130.0,90.0,130.0,90.0,95.0
Black,5,1,Dragon,Ice,3.3,325.0,700.0,125.0,170.0,100.0,120.0,90.0,95.0
White,5,1,Dragon,Ice,3.6,325.0,700.0,125.0,120.0,90.0,170.0,100.0,95.0
Keldeo,5,0,Water,Fighting,1.4,48.5,580.0,91.0,72.0,90.0,129.0,90.0,108.0
Keldeo,5,0,Water,Fighting,1.4,48.5,580.0,91.0,72.0,90.0,129.0,90.0,108.0
Meloetta,5,0,Normal,Psychic,0.6,6.5,600.0,100.0,77.0,77.0,128.0,128.0,90.0
Meloetta,5,0,Normal,Fighting,0.6,6.5,600.0,100.0,128.0,90.0,77.0,77.0,128.0
Genesect,5,0,Bug,Steel,1.5,82.5,600.0,71.0,120.0,95.0,120.0,95.0,99.0
Chespin,6,0,Grass,Normal,0.4,9.0,313.0,56.0,61.0,65.0,48.0,45.0,38.0
Quilladin,6,0,Grass,Normal,0.7,29.0,405.0,61.0,78.0,95.0,56.0,58.0,57.0
Chesnaught,6,0,Grass,Fighting,1.6,90.0,530.0,88.0,107.0,122.0,74.0,75.0,64.0
Fennekin,6,0,Fire,Normal,0.4,9.4,307.0,40.0,45.0,40.0,62.0,60.0,60.0
Braixen,6,0,Fire,Normal,1.0,14.5,409.0,59.0,59.0,58.0,90.0,70.0,73.0
Delphox,6,0,Fire,Psychic,1.5,39.0,534.0,75.0,69.0,72.0,114.0,100.0,104.0
Froakie,6,0,Water,Normal,0.3,7.0,314.0,41.0,56.0,40.0,62.0,44.0,71.0
Frogadier,6,0,Water,Normal,0.6,10.9,405.0,54.0,63.0,52.0,83.0,56.0,97.0
Greninja,6,0,Water,Dark,1.5,40.0,530.0,72.0,95.0,67.0,103.0,71.0,122.0
Ash-Greninja,6,0,Water,Dark,1.5,40.0,640.0,72.0,145.0,67.0,153.0,71.0,132.0
Bunnelby,6,0,Normal,Normal,0.4,5.0,237.0,38.0,36.0,38.0,32.0,36.0,57.0
Diggersby,6,0,Normal,Ground,1.0,42.4,423.0,85.0,56.0,77.0,50.0,77.0,78.0
Fletchling,6,0,Normal,Flying,0.3,1.7,278.0,45.0,50.0,43.0,40.0,38.0,62.0
Fletchinder,6,0,Fire,Flying,0.7,16.0,382.0,62.0,73.0,55.0,56.0,52.0,84.0
Talonflame,6,0,Fire,Flying,1.2,24.5,499.0,78.0,81.0,71.0,74.0,69.0,126.0
Scatterbug,6,0,Bug,Normal,0.3,2.5,200.0,38.0,35.0,40.0,27.0,25.0,35.0
Spewpa,6,0,Bug,Normal,0.3,8.4,213.0,45.0,22.0,60.0,27.0,30.0,29.0
Vivillon,6,0,Bug,Flying,1.2,17.0,411.0,80.0,52.0,50.0,90.0,50.0,89.0
Litleo,6,0,Fire,Normal,0.6,13.5,369.0,62.0,50.0,58.0,73.0,54.0,72.0
Pyroar,6,0,Fire,Normal,1.5,81.5,507.0,86.0,68.0,72.0,109.0,66.0,106.0
Flabébé,6,0,Fairy,Normal,0.1,0.1,303.0,44.0,38.0,39.0,61.0,79.0,42.0
Floette,6,0,Fairy,Normal,0.2,0.9,371.0,54.0,45.0,47.0,75.0,98.0,52.0
Florges,6,0,Fairy,Normal,1.1,10.0,552.0,78.0,65.0,68.0,112.0,154.0,75.0
Skiddo,6,0,Grass,Normal,0.9,31.0,350.0,66.0,65.0,48.0,62.0,57.0,52.0
Gogoat,6,0,Grass,Normal,1.7,91.0,531.0,123.0,100.0,62.0,97.0,81.0,68.0
Pancham,6,0,Fighting,Normal,0.6,8.0,348.0,67.0,82.0,62.0,46.0,48.0,43.0
Pangoro,6,0,Fighting,Dark,2.1,136.0,495.0,95.0,124.0,78.0,69.0,71.0,58.0
Furfrou,6,0,Normal,Normal,1.2,28.0,472.0,75.0,80.0,60.0,65.0,90.0,102.0
Espurr,6,0,Psychic,Normal,0.3,3.5,355.0,62.0,48.0,54.0,63.0,60.0,68.0
Meowstic,6,0,Psychic,Normal,0.6,8.5,466.0,74.0,48.0,76.0,83.0,81.0,104.0
Meowstic,6,0,Psychic,Normal,0.6,8.5,466.0,74.0,48.0,76.0,83.0,81.0,104.0
Honedge,6,0,Steel,Ghost,0.8,2.0,325.0,45.0,80.0,100.0,35.0,37.0,28.0
Doublade,6,0,Steel,Ghost,0.8,4.5,448.0,59.0,110.0,150.0,45.0,49.0,35.0
Aegislash,6,0,Steel,Ghost,1.7,53.0,520.0,60.0,150.0,50.0,150.0,50.0,60.0
Aegislash,6,0,Steel,Ghost,1.7,53.0,520.0,60.0,50.0,150.0,50.0,150.0,60.0
Spritzee,6,0,Fairy,Normal,0.2,0.5,341.0,78.0,52.0,60.0,63.0,65.0,23.0
Aromatisse,6,0,Fairy,Normal,0.8,15.5,462.0,101.0,72.0,72.0,99.0,89.0,29.0
Swirlix,6,0,Fairy,Normal,0.4,3.5,341.0,62.0,48.0,66.0,59.0,57.0,49.0
Slurpuff,6,0,Fairy,Normal,0.8,5.0,480.0,82.0,80.0,86.0,85.0,75.0,72.0
Inkay,6,0,Dark,Psychic,0.4,3.5,288.0,53.0,54.0,53.0,37.0,46.0,45.0
Malamar,6,0,Dark,Psychic,1.5,47.0,482.0,86.0,92.0,88.0,68.0,75.0,73.0
Binacle,6,0,Rock,Water,0.5,31.0,306.0,42.0,52.0,67.0,39.0,56.0,50.0
Barbaracle,6,0,Rock,Water,1.3,96.0,500.0,72.0,105.0,115.0,54.0,86.0,68.0
Skrelp,6,0,Poison,Water,0.5,7.3,320.0,50.0,60.0,60.0,60.0,60.0,30.0
Dragalge,6,0,Poison,Dragon,1.8,81.5,494.0,65.0,75.0,90.0,97.0,123.0,44.0
Clauncher,6,0,Water,Normal,0.5,8.3,330.0,50.0,53.0,62.0,58.0,63.0,44.0
Clawitzer,6,0,Water,Normal,1.3,35.3,500.0,71.0,73.0,88.0,120.0,89.0,59.0
Helioptile,6,0,Electric,Normal,0.5,6.0,289.0,44.0,38.0,33.0,61.0,43.0,70.0
Heliolisk,6,0,Electric,Normal,1.0,21.0,481.0,62.0,55.0,52.0,109.0,94.0,109.0
Tyrunt,6,0,Rock,Dragon,0.8,26.0,362.0,58.0,89.0,77.0,45.0,45.0,48.0
Tyrantrum,6,0,Rock,Dragon,2.5,270.0,521.0,82.0,121.0,119.0,69.0,59.0,71.0
Amaura,6,0,Rock,Ice,1.3,25.2,362.0,77.0,59.0,50.0,67.0,63.0,46.0
Aurorus,6,0,Rock,Ice,2.7,225.0,521.0,123.0,77.0,72.0,99.0,92.0,58.0
Sylveon,6,0,Fairy,Normal,1.0,23.5,525.0,95.0,65.0,65.0,110.0,130.0,60.0
Hawlucha,6,0,Fighting,Flying,0.8,21.5,500.0,78.0,92.0,75.0,74.0,63.0,118.0
Dedenne,6,0,Electric,Fairy,0.2,2.2,431.0,67.0,58.0,57.0,81.0,67.0,101.0
Carbink,6,0,Rock,Fairy,0.3,5.7,500.0,50.0,50.0,150.0,50.0,150.0,50.0
Goomy,6,0,Dragon,Normal,0.3,2.8,300.0,45.0,50.0,35.0,55.0,75.0,40.0
Sliggoo,6,0,Dragon,Normal,0.8,17.5,452.0,68.0,75.0,53.0,83.0,113.0,60.0
Goodra,6,0,Dragon,Normal,2.0,150.5,600.0,90.0,100.0,70.0,110.0,150.0,80.0
Klefki,6,0,Steel,Fairy,0.2,3.0,470.0,57.0,80.0,91.0,80.0,87.0,75.0
Phantump,6,0,Ghost,Grass,0.4,7.0,309.0,43.0,70.0,48.0,50.0,60.0,38.0
Trevenant,6,0,Ghost,Grass,1.5,71.0,474.0,85.0,110.0,76.0,65.0,82.0,56.0
Pumpkaboo,6,0,Ghost,Grass,0.4,5.0,335.0,49.0,66.0,70.0,44.0,55.0,51.0
Pumpkaboo,6,0,Ghost,Grass,0.3,3.5,335.0,44.0,66.0,70.0,44.0,55.0,56.0
Pumpkaboo,6,0,Ghost,Grass,0.5,7.5,335.0,54.0,66.0,70.0,44.0,55.0,46.0
Pumpkaboo,6,0,Ghost,Grass,0.8,15.0,335.0,59.0,66.0,70.0,44.0,55.0,41.0
Gourgeist,6,0,Ghost,Grass,0.9,12.5,494.0,65.0,90.0,122.0,58.0,75.0,84.0
Gourgeist,6,0,Ghost,Grass,0.7,9.5,494.0,55.0,85.0,122.0,58.0,75.0,99.0
Gourgeist,6,0,Ghost,Grass,1.1,14.0,494.0,75.0,95.0,122.0,58.0,75.0,69.0
Gourgeist,6,0,Ghost,Grass,1.7,39.0,494.0,85.0,100.0,122.0,58.0,75.0,54.0
Bergmite,6,0,Ice,Normal,1.0,99.5,304.0,55.0,69.0,85.0,32.0,35.0,28.0
Avalugg,6,0,Ice,Normal,2.0,505.0,514.0,95.0,117.0,184.0,44.0,46.0,28.0
Noibat,6,0,Flying,Dragon,0.5,8.0,245.0,40.0,30.0,35.0,45.0,40.0,55.0
Noivern,6,0,Flying,Dragon,1.5,85.0,535.0,85.0,70.0,80.0,97.0,80.0,123.0
Xerneas,6,1,Fairy,Normal,3.0,215.0,680.0,126.0,131.0,95.0,131.0,98.0,99.0
Yveltal,6,1,Dark,Flying,5.8,203.0,680.0,126.0,131.0,95.0,131.0,98.0,99.0
Zygarde,6,1,Dragon,Ground,5.0,305.0,600.0,108.0,100.0,121.0,81.0,95.0,95.0
Zygarde,6,1,Dragon,Ground,1.2,33.5,486.0,54.0,100.0,71.0,61.0,85.0,115.0
Zygarde,6,1,Dragon,Ground,4.5,610.0,708.0,216.0,100.0,121.0,91.0,95.0,85.0
Diancie,6,0,Rock,Fairy,0.7,8.8,600.0,50.0,100.0,150.0,100.0,150.0,50.0
Mega,6,0,Rock,Fairy,1.1,27.8,700.0,50.0,160.0,110.0,160.0,110.0,110.0
Hoopa,6,0,Psychic,Ghost,0.5,9.0,600.0,80.0,110.0,60.0,150.0,130.0,70.0
Hoopa,6,0,Psychic,Dark,6.5,490.0,680.0,80.0,160.0,60.0,170.0,130.0,80.0
Volcanion,6,0,Fire,Water,1.7,195.0,600.0,80.0,110.0,120.0,130.0,90.0,70.0
Rowlet,7,0,Grass,Flying,0.3,1.5,320.0,68.0,55.0,55.0,50.0,50.0,42.0
Dartrix,7,0,Grass,Flying,0.7,16.0,420.0,78.0,75.0,75.0,70.0,70.0,52.0
Decidueye,7,0,Grass,Ghost,1.6,36.6,530.0,78.0,107.0,75.0,100.0,100.0,70.0
Litten,7,0,Fire,Normal,0.4,4.3,320.0,45.0,65.0,40.0,60.0,40.0,70.0
Torracat,7,0,Fire,Normal,0.7,25.0,420.0,65.0,85.0,50.0,80.0,50.0,90.0
Incineroar,7,0,Fire,Dark,1.8,83.0,530.0,95.0,115.0,90.0,80.0,90.0,60.0
Popplio,7,0,Water,Normal,0.4,7.5,320.0,50.0,54.0,54.0,66.0,56.0,40.0
Brionne,7,0,Water,Normal,0.6,17.5,420.0,60.0,69.0,69.0,91.0,81.0,50.0
Primarina,7,0,Water,Fairy,1.8,44.0,530.0,80.0,74.0,74.0,126.0,116.0,60.0
Pikipek,7,0,Normal,Flying,0.3,1.2,265.0,35.0,75.0,30.0,30.0,30.0,65.0
Trumbeak,7,0,Normal,Flying,0.6,14.8,355.0,55.0,85.0,50.0,40.0,50.0,75.0
Toucannon,7,0,Normal,Flying,1.1,26.0,485.0,80.0,120.0,75.0,75.0,75.0,60.0
Yungoos,7,0,Normal,Normal,0.4,6.0,253.0,48.0,70.0,30.0,30.0,30.0,45.0
Gumshoos,7,0,Normal,Normal,0.7,14.2,418.0,88.0,110.0,60.0,55.0,60.0,45.0
Grubbin,7,0,Bug,Normal,0.4,4.4,300.0,47.0,62.0,45.0,55.0,45.0,46.0
Charjabug,7,0,Bug,Electric,0.5,10.5,400.0,57.0,82.0,95.0,55.0,75.0,36.0
Vikavolt,7,0,Bug,Electric,1.5,45.0,500.0,77.0,70.0,90.0,145.0,75.0,43.0
Crabrawler,7,0,Fighting,Normal,0.6,7.0,338.0,47.0,82.0,57.0,42.0,47.0,63.0
Crabominable,7,0,Fighting,Ice,1.7,180.0,478.0,97.0,132.0,77.0,62.0,67.0,43.0
Oricorio,7,0,Fire,Flying,0.6,3.4,476.0,75.0,70.0,70.0,98.0,70.0,93.0
Oricorio,7,0,Electric,Flying,0.6,3.4,476.0,75.0,70.0,70.0,98.0,70.0,93.0
Oricorio,7,0,Psychic,Flying,0.6,3.4,476.0,75.0,70.0,70.0,98.0,70.0,93.0
Oricorio,7,0,Ghost,Flying,0.6,3.4,476.0,75.0,70.0,70.0,98.0,70.0,93.0
Cutiefly,7,0,Bug,Fairy,0.1,0.2,304.0,40.0,45.0,40.0,55.0,40.0,84.0
Ribombee,7,0,Bug,Fairy,0.2,0.5,464.0,60.0,55.0,60.0,95.0,70.0,124.0
Rockruff,7,0,Rock,Normal,0.5,9.2,280.0,45.0,65.0,40.0,30.0,40.0,60.0
Own,7,0,Rock,Normal,0.5,9.2,280.0,45.0,65.0,40.0,30.0,40.0,60.0
Lycanroc,7,0,Rock,Normal,0.8,25.0,487.0,75.0,115.0,65.0,55.0,65.0,112.0
Lycanroc,7,0,Rock,Normal,1.1,25.0,487.0,85.0,115.0,75.0,55.0,75.0,82.0
Lycanroc,7,0,Rock,Normal,0.8,25.0,487.0,75.0,117.0,65.0,55.0,65.0,110.0
Wishiwashi,7,0,Water,Normal,0.2,0.3,175.0,45.0,20.0,20.0,25.0,25.0,40.0
Wishiwashi,7,0,Water,Normal,8.2,78.6,620.0,45.0,140.0,130.0,140.0,135.0,30.0
Mareanie,7,0,Poison,Water,0.4,8.0,305.0,50.0,53.0,62.0,43.0,52.0,45.0
Toxapex,7,0,Poison,Water,0.7,14.5,495.0,50.0,63.0,152.0,53.0,142.0,35.0
Mudbray,7,0,Ground,Normal,1.0,110.0,385.0,70.0,100.0,70.0,45.0,55.0,45.0
Mudsdale,7,0,Ground,Normal,2.5,920.0,500.0,100.0,125.0,100.0,55.0,85.0,35.0
Dewpider,7,0,Water,Bug,0.3,4.0,269.0,38.0,40.0,52.0,40.0,72.0,27.0
Araquanid,7,0,Water,Bug,1.8,82.0,454.0,68.0,70.0,92.0,50.0,132.0,42.0
Fomantis,7,0,Grass,Normal,0.3,1.5,250.0,40.0,55.0,35.0,50.0,35.0,35.0
Lurantis,7,0,Grass,Normal,0.9,18.5,480.0,70.0,105.0,90.0,80.0,90.0,45.0
Morelull,7,0,Grass,Fairy,0.2,1.5,285.0,40.0,35.0,55.0,65.0,75.0,15.0
Shiinotic,7,0,Grass,Fairy,1.0,11.5,405.0,60.0,45.0,80.0,90.0,100.0,30.0
Salandit,7,0,Poison,Fire,0.6,4.8,320.0,48.0,44.0,40.0,71.0,40.0,77.0
Salazzle,7,0,Poison,Fire,1.2,22.2,480.0,68.0,64.0,60.0,111.0,60.0,117.0
Stufful,7,0,Normal,Fighting,0.5,6.8,340.0,70.0,75.0,50.0,45.0,50.0,50.0
Bewear,7,0,Normal,Fighting,2.1,135.0,500.0,120.0,125.0,80.0,55.0,60.0,60.0
Bounsweet,7,0,Grass,Normal,0.3,3.2,210.0,42.0,30.0,38.0,30.0,38.0,32.0
Steenee,7,0,Grass,Normal,0.7,8.2,290.0,52.0,40.0,48.0,40.0,48.0,62.0
Tsareena,7,0,Grass,Normal,1.2,21.4,510.0,72.0,120.0,98.0,50.0,98.0,72.0
Comfey,7,0,Fairy,Normal,0.1,0.3,485.0,51.0,52.0,90.0,82.0,110.0,100.0
Oranguru,7,0,Normal,Psychic,1.5,76.0,490.0,90.0,60.0,80.0,90.0,110.0,60.0
Passimian,7,0,Fighting,Normal,2.0,82.8,490.0,100.0,120.0,90.0,40.0,60.0,80.0
Wimpod,7,0,Bug,Water,0.5,12.0,230.0,25.0,35.0,40.0,20.0,30.0,80.0
Golisopod,7,0,Bug,Water,2.0,108.0,530.0,75.0,125.0,140.0,60.0,90.0,40.0
Sandygast,7,0,Ghost,Ground,0.5,70.0,320.0,55.0,55.0,80.0,70.0,45.0,15.0
Palossand,7,0,Ghost,Ground,1.3,250.0,480.0,85.0,75.0,110.0,100.0,75.0,35.0
Pyukumuku,7,0,Water,Normal,0.3,1.2,410.0,55.0,60.0,130.0,30.0,130.0,5.0
Type:,7,0,Normal,Normal,1.9,120.5,534.0,95.0,95.0,95.0,95.0,95.0,59.0
Silvally,7,0,Normal,Normal,2.3,100.5,570.0,95.0,95.0,95.0,95.0,95.0,95.0
Minior,7,0,Rock,Flying,0.3,40.0,440.0,60.0,60.0,100.0,60.0,100.0,60.0
Minior,7,0,Rock,Flying,0.3,0.3,500.0,60.0,100.0,60.0,100.0,60.0,120.0
Komala,7,0,Normal,Normal,0.4,19.9,480.0,65.0,115.0,65.0,75.0,95.0,65.0
Turtonator,7,0,Fire,Dragon,2.0,212.0,485.0,60.0,78.0,135.0,91.0,85.0,36.0
Togedemaru,7,0,Electric,Steel,0.3,3.3,435.0,65.0,98.0,63.0,40.0,73.0,96.0
Mimikyu,7,0,Ghost,Fairy,0.2,0.7,476.0,55.0,90.0,80.0,50.0,105.0,96.0
Bruxish,7,0,Water,Psychic,0.9,19.0,475.0,68.0,105.0,70.0,70.0,70.0,92.0
Drampa,7,0,Normal,Dragon,3.0,185.0,485.0,78.0,60.0,85.0,135.0,91.0,36.0
Dhelmise,7,0,Ghost,Grass,3.9,210.0,517.0,70.0,131.0,100.0,86.0,90.0,40.0
Jangmo-o,7,0,Dragon,Normal,0.6,29.7,300.0,45.0,55.0,65.0,45.0,45.0,45.0
Hakamo-o,7,0,Dragon,Fighting,1.2,47.0,420.0,55.0,75.0,90.0,65.0,70.0,65.0
Kommo-o,7,0,Dragon,Fighting,1.6,78.2,600.0,75.0,110.0,125.0,100.0,105.0,85.0
Tapu,7,0,Electric,Fairy,1.8,20.5,570.0,70.0,115.0,85.0,95.0,75.0,130.0
Tapu,7,0,Psychic,Fairy,1.2,18.6,570.0,70.0,85.0,75.0,130.0,115.0,95.0
Tapu,7,0,Grass,Fairy,1.9,45.5,570.0,70.0,130.0,115.0,85.0,95.0,75.0
Tapu,7,0,Water,Fairy,1.3,21.2,570.0,70.0,75.0,115.0,95.0,130.0,85.0
Cosmog,7,1,Psychic,Normal,0.2,0.1,200.0,43.0,29.0,31.0,29.0,31.0,37.0
Cosmoem,7,1,Psychic,Normal,0.1,999.9,400.0,43.0,29.0,131.0,29.0,131.0,37.0
Solgaleo,7,1,Psychic,Steel,3.4,230.0,680.0,137.0,137.0,107.0,113.0,89.0,97.0
Lunala,7,1,Psychic,Ghost,4.0,120.0,680.0,137.0,113.0,89.0,137.0,107.0,97.0
Nihilego,7,0,Rock,Poison,1.2,55.5,570.0,109.0,53.0,47.0,127.0,131.0,103.0
Buzzwole,7,0,Bug,Fighting,2.4,333.6,570.0,107.0,139.0,139.0,53.0,53.0,79.0
Pheromosa,7,0,Bug,Fighting,1.8,25.0,570.0,71.0,137.0,37.0,137.0,37.0,151.0
Xurkitree,7,0,Electric,Normal,3.8,100.0,570.0,83.0,89.0,71.0,173.0,71.0,83.0
Celesteela,7,0,Steel,Flying,9.2,999.9,570.0,97.0,101.0,103.0,107.0,101.0,61.0
Kartana,7,0,Grass,Steel,0.3,0.1,570.0,59.0,181.0,131.0,59.0,31.0,109.0
Guzzlord,7,0,Dark,Dragon,5.5,888.0,570.0,223.0,101.0,53.0,97.0,53.0,43.0
Necrozma,7,1,Psychic,Normal,2.4,230.0,600.0,97.0,107.0,101.0,127.0,89.0,79.0
Dusk,7,1,Psychic,Steel,3.8,460.0,680.0,97.0,157.0,127.0,113.0,109.0,77.0
Dawn,7,1,Psychic,Ghost,4.2,350.0,680.0,97.0,113.0,109.0,157.0,127.0,77.0
Ultra,7,1,Psychic,Dragon,7.5,230.0,754.0,97.0,167.0,97.0,167.0,97.0,129.0
Magearna,7,0,Steel,Fairy,1.0,80.5,600.0,80.0,95.0,115.0,130.0,115.0,65.0
Marshadow,7,0,Fighting,Ghost,0.7,22.2,600.0,90.0,125.0,80.0,90.0,90.0,125.0
Poipole,7,0,Poison,Normal,0.6,1.8,420.0,67.0,73.0,67.0,73.0,67.0,73.0
Naganadel,7,0,Poison,Dragon,3.6,150.0,540.0,73.0,73.0,73.0,127.0,73.0,121.0
Stakataka,7,0,Rock,Steel,5.5,820.0,570.0,61.0,131.0,211.0,53.0,101.0,13.0
Blacephalon,7,0,Fire,Ghost,1.8,13.0,570.0,53.0,127.0,53.0,151.0,79.0,107.0
Zeraora,7,0,Electric,Normal,1.5,44.5,600.0,88.0,112.0,75.0,102.0,80.0,143.0
Meltan,7,0,Steel,Normal,0.2,8.0,300.0,46.0,65.0,65.0,55.0,35.0,34.0
Melmetal,7,0,Steel,Normal,2.5,800.0,600.0,135.0,143.0,143.0,80.0,65.0,34.0
Grookey,8,0,Grass,Normal,0.3,5.0,310.0,50.0,65.0,50.0,40.0,40.0,65.0
Thwackey,8,0,Grass,Normal,0.7,14.0,420.0,70.0,85.0,70.0,55.0,60.0,80.0
Rillaboom,8,0,Grass,Normal,2.1,90.0,530.0,100.0,125.0,90.0,60.0,70.0,85.0
Scorbunny,8,0,Fire,Normal,0.3,4.5,310.0,50.0,71.0,40.0,40.0,40.0,69.0
Raboot,8,0,Fire,Normal,0.6,9.0,420.0,65.0,86.0,60.0,55.0,60.0,94.0
Cinderace,8,0,Fire,Normal,1.4,33.0,530.0,80.0,116.0,75.0,65.0,75.0,119.0
Sobble,8,0,Water,Normal,0.3,4.0,310.0,50.0,40.0,40.0,70.0,40.0,70.0
Drizzile,8,0,Water,Normal,0.7,11.5,420.0,65.0,60.0,55.0,95.0,55.0,90.0
Inteleon,8,0,Water,Normal,1.9,45.2,530.0,70.0,85.0,65.0,125.0,65.0,120.0
Skwovet,8,0,Normal,Normal,0.3,2.5,275.0,70.0,55.0,55.0,35.0,35.0,25.0
Greedent,8,0,Normal,Normal,0.6,6.0,460.0,120.0,95.0,95.0,55.0,75.0,20.0
Rookidee,8,0,Flying,Normal,0.2,1.8,245.0,38.0,47.0,35.0,33.0,35.0,57.0
Corvisquire,8,0,Flying,Normal,0.8,16.0,365.0,68.0,67.0,55.0,43.0,55.0,77.0
Corviknight,8,0,Flying,Steel,2.2,75.0,495.0,98.0,87.0,105.0,53.0,85.0,67.0
Blipbug,8,0,Bug,Normal,0.4,8.0,180.0,25.0,20.0,20.0,25.0,45.0,45.0
Dottler,8,0,Bug,Psychic,0.4,19.5,335.0,50.0,35.0,80.0,50.0,90.0,30.0
Orbeetle,8,0,Bug,Psychic,0.4,40.8,505.0,60.0,45.0,110.0,80.0,120.0,90.0
Nickit,8,0,Dark,Normal,0.6,8.9,245.0,40.0,28.0,28.0,47.0,52.0,50.0
Thievul,8,0,Dark,Normal,1.2,19.9,455.0,70.0,58.0,58.0,87.0,92.0,90.0
Gossifleur,8,0,Grass,Normal,0.4,2.2,250.0,40.0,40.0,60.0,40.0,60.0,10.0
Eldegoss,8,0,Grass,Normal,0.5,2.5,460.0,60.0,50.0,90.0,80.0,120.0,60.0
Wooloo,8,0,Normal,Normal,0.6,6.0,270.0,42.0,40.0,55.0,40.0,45.0,48.0
Dubwool,8,0,Normal,Normal,1.3,43.0,490.0,72.0,80.0,100.0,60.0,90.0,88.0
Chewtle,8,0,Water,Normal,0.3,8.5,284.0,50.0,64.0,50.0,38.0,38.0,44.0
Drednaw,8,0,Water,Rock,1.0,115.5,485.0,90.0,115.0,90.0,48.0,68.0,74.0
Yamper,8,0,Electric,Normal,0.3,13.5,270.0,59.0,45.0,50.0,40.0,50.0,26.0
Boltund,8,0,Electric,Normal,1.0,34.0,490.0,69.0,90.0,60.0,90.0,60.0,121.0
Rolycoly,8,0,Rock,Normal,0.3,12.0,240.0,30.0,40.0,50.0,40.0,50.0,30.0
Carkol,8,0,Rock,Fire,1.1,78.0,410.0,80.0,60.0,90.0,60.0,70.0,50.0
Coalossal,8,0,Rock,Fire,2.8,310.5,510.0,110.0,80.0,120.0,80.0,90.0,30.0
Applin,8,0,Grass,Dragon,0.2,0.5,260.0,40.0,40.0,80.0,40.0,40.0,20.0
Flapple,8,0,Grass,Dragon,0.3,1.0,485.0,70.0,110.0,80.0,95.0,60.0,70.0
Appletun,8,0,Grass,Dragon,0.4,13.0,485.0,110.0,85.0,80.0,100.0,80.0,30.0
Silicobra,8,0,Ground,Normal,2.2,7.6,315.0,52.0,57.0,75.0,35.0,50.0,46.0
Sandaconda,8,0,Ground,Normal,3.8,65.5,510.0,72.0,107.0,125.0,65.0,70.0,71.0
Cramorant,8,0,Flying,Water,0.8,18.0,475.0,70.0,85.0,55.0,85.0,95.0,85.0
Arrokuda,8,0,Water,Normal,0.5,1.0,280.0,41.0,63.0,40.0,40.0,30.0,66.0
Barraskewda,8,0,Water,Normal,1.3,30.0,490.0,61.0,123.0,60.0,60.0,50.0,136.0
Toxel,8,0,Electric,Poison,0.4,11.0,242.0,40.0,38.0,35.0,54.0,35.0,40.0
Toxtricity,8,0,Electric,Poison,1.6,40.0,502.0,75.0,98.0,70.0,114.0,70.0,75.0
Toxtricity,8,0,Electric,Poison,1.6,40.0,502.0,75.0,98.0,70.0,114.0,70.0,75.0
Sizzlipede,8,0,Fire,Bug,0.7,1.0,305.0,50.0,65.0,45.0,50.0,50.0,45.0
Centiskorch,8,0,Fire,Bug,3.0,120.0,525.0,100.0,115.0,65.0,90.0,90.0,65.0
Clobbopus,8,0,Fighting,Normal,0.6,4.0,310.0,50.0,68.0,60.0,50.0,50.0,32.0
Grapploct,8,0,Fighting,Normal,1.6,39.0,480.0,80.0,118.0,90.0,70.0,80.0,42.0
Sinistea,8,0,Ghost,Normal,0.1,0.2,308.0,40.0,45.0,45.0,74.0,54.0,50.0
Polteageist,8,0,Ghost,Normal,0.2,0.4,508.0,60.0,65.0,65.0,134.0,114.0,70.0
Hatenna,8,0,Psychic,Normal,0.4,3.4,265.0,42.0,30.0,45.0,56.0,53.0,39.0
Hattrem,8,0,Psychic,Normal,0.6,4.8,370.0,57.0,40.0,65.0,86.0,73.0,49.0
Hatterene,8,0,Psychic,Fairy,2.1,5.0,510.0,57.0,90.0,95.0,136.0,103.0,29.0
Impidimp,8,0,Dark,Fairy,0.4,5.5,265.0,45.0,45.0,30.0,55.0,40.0,50.0
Morgrem,8,0,Dark,Fairy,0.8,12.5,370.0,65.0,60.0,45.0,75.0,55.0,70.0
Grimmsnarl,8,0,Dark,Fairy,1.5,61.0,510.0,95.0,120.0,65.0,95.0,75.0,60.0
Obstagoon,8,0,Dark,Normal,1.6,46.0,520.0,93.0,90.0,101.0,60.0,81.0,95.0
Perrserker,8,0,Steel,Normal,0.8,28.0,440.0,70.0,110.0,100.0,50.0,60.0,50.0
Cursola,8,0,Ghost,Normal,1.0,0.4,510.0,60.0,95.0,50.0,145.0,130.0,30.0
Sirfetch'd,8,0,Fighting,Normal,0.8,117.0,507.0,62.0,135.0,95.0,68.0,82.0,65.0
Mr.,8,0,Psychic,Ice,1.5,58.2,520.0,80.0,85.0,75.0,110.0,100.0,70.0
Runerigus,8,0,Ground,Ghost,1.6,66.6,483.0,58.0,95.0,145.0,50.0,105.0,30.0
Milcery,8,0,Fairy,Normal,0.2,0.3,270.0,45.0,40.0,40.0,50.0,61.0,34.0
Alcremie,8,0,Fairy,Normal,0.3,0.5,495.0,65.0,60.0,75.0,110.0,121.0,64.0
Falinks,8,0,Fighting,Normal,3.0,62.0,470.0,65.0,100.0,100.0,70.0,60.0,75.0
Pincurchin,8,0,Electric,Normal,0.3,1.0,435.0,48.0,101.0,95.0,91.0,85.0,15.0
Snom,8,0,Ice,Bug,0.3,3.8,185.0,30.0,25.0,35.0,45.0,30.0,20.0
Frosmoth,8,0,Ice,Bug,1.3,42.0,475.0,70.0,65.0,60.0,125.0,90.0,65.0
Stonjourner,8,0,Rock,Normal,2.5,520.0,470.0,100.0,125.0,135.0,20.0,20.0,70.0
Eiscue,8,0,Ice,Normal,1.4,89.0,470.0,75.0,80.0,110.0,65.0,90.0,50.0
Eiscue,8,0,Ice,Normal,1.4,89.0,470.0,75.0,80.0,70.0,65.0,50.0,130.0
Indeedee,8,0,Psychic,Normal,0.9,28.0,475.0,60.0,65.0,55.0,105.0,95.0,95.0
Indeedee,8,0,Psychic,Normal,0.9,28.0,475.0,70.0,55.0,65.0,95.0,105.0,85.0
Morpeko,8,0,Electric,Dark,0.3,3.0,436.0,58.0,95.0,58.0,70.0,58.0,97.0
Morpeko,8,0,Electric,Dark,0.3,3.0,436.0,58.0,95.0,58.0,70.0,58.0,97.0
Cufant,8,0,Steel,Normal,1.2,100.0,330.0,72.0,80.0,49.0,40.0,49.0,40.0
Copperajah,8,0,Steel,Normal,3.0,650.0,500.0,122.0,130.0,69.0,80.0,69.0,30.0
Dracozolt,8,0,Electric,Dragon,1.8,190.0,505.0,90.0,100.0,90.0,80.0,70.0,75.0
Arctozolt,8,0,Electric,Ice,2.3,150.0,505.0,90.0,100.0,90.0,90.0,80.0,55.0
Dracovish,8,0,Water,Dragon,2.3,215.0,505.0,90.0,90.0,100.0,70.0,80.0,75.0
Arctovish,8,0,Water,Ice,2.0,175.0,505.0,90.0,90.0,100.0,80.0,90.0,55.0
Duraludon,8,0,Steel,Dragon,1.8,40.0,535.0,70.0,95.0,115.0,120.0,50.0,85.0
Dreepy,8,0,Dragon,Ghost,0.5,2.0,270.0,28.0,60.0,30.0,40.0,30.0,82.0
Drakloak,8,0,Dragon,Ghost,1.4,11.0,410.0,68.0,80.0,50.0,60.0,50.0,102.0
Dragapult,8,0,Dragon,Ghost,3.0,50.0,600.0,88.0,120.0,75.0,100.0,75.0,142.0
Zacian,8,1,Fairy,Steel,2.8,355.0,720.0,92.0,170.0,115.0,80.0,115.0,148.0
Zacian,8,1,Fairy,Normal,2.8,110.0,670.0,92.0,130.0,115.0,80.0,115.0,138.0
Zamazenta,8,1,Fighting,Steel,2.9,785.0,720.0,92.0,130.0,145.0,80.0,145.0,128.0
Zamazenta,8,1,Fighting,Normal,2.9,210.0,670.0,92.0,130.0,115.0,80.0,115.0,138.0
Eternatus,8,1,Poison,Dragon,20.0,950.0,690.0,140.0,85.0,95.0,145.0,95.0,130.0
